substrate,quant,stack,trials,pass_rate,clean_pass_rate,mean_score,classified_rate,cascade_rate,echo_rate,avg_distractors
base,damaged_q2,all_three_balanced,9600,0.6831,0.4596,0.8502,0.9828,0.1422,0.1325,0.276
base,damaged_q3,cognitive_plus_structural,9600,0.8714,0.6499,0.9407,0.991,0.1001,0.0627,0.2193
base,healthy_q6,structural_only,9600,0.9282,0.7931,0.9655,0.99,0.0488,0.044,0.1105
degraded_instruct,damaged_q2,all_three_balanced,9600,0.5117,0.3324,0.7534,0.9017,0.1644,0.1395,0.3128
degraded_instruct,damaged_q3,cognitive_plus_structural,9600,0.8488,0.6322,0.9286,0.99,0.1067,0.0669,0.2252
degraded_instruct,healthy_q6,structural_only,9600,0.9213,0.7885,0.9644,0.9917,0.0528,0.0477,0.1071
instruct,damaged_q2,all_three_balanced,9600,0.3019,0.197,0.6054,0.7648,0.2099,0.1272,0.3572
instruct,damaged_q3,all_three_balanced,9600,0.7653,0.5229,0.8837,0.9417,0.1185,0.126,0.2544
instruct,healthy_q6,structural_only,9600,0.9242,0.7913,0.9645,0.9904,0.0488,0.044,0.1125
