substrate,quant,stack,family,trials,pass_rate,clean_pass_rate,mean_score,cascade_rate,echo_rate
base,damaged_q2,all_three_balanced,boundary,1200,0.8083,0.4858,0.9166,0.1433,0.1442
base,damaged_q2,all_three_balanced,generalist,1200,0.705,0.4692,0.8837,0.1408,0.1175
base,damaged_q2,all_three_balanced,math,4800,0.6465,0.461,0.8124,0.149,0.1321
base,damaged_q2,all_three_balanced,rhetoric,1200,0.7167,0.4458,0.889,0.1158,0.1375
base,damaged_q2,all_three_balanced,spatial,1200,0.6492,0.4317,0.8628,0.1417,0.1325
base,damaged_q2,all_three_naive_all_fire,boundary,1200,0.4275,0.1683,0.7286,0.2342,0.3092
base,damaged_q2,all_three_naive_all_fire,generalist,1200,0.16,0.0767,0.5143,0.2467,0.275
base,damaged_q2,all_three_naive_all_fire,math,4800,0.12,0.0877,0.3981,0.2658,0.281
base,damaged_q2,all_three_naive_all_fire,rhetoric,1200,0.1708,0.0792,0.5056,0.2417,0.3
base,damaged_q2,all_three_naive_all_fire,spatial,1200,0.1225,0.06,0.47,0.2442,0.3
base,damaged_q2,baseline,boundary,1200,0.0008,0.0,0.0294,0.675,0.0
base,damaged_q2,baseline,generalist,1200,0.0033,0.0025,0.066,0.5225,0.0
base,damaged_q2,baseline,math,4800,0.0035,0.0031,0.0687,0.5077,0.0
base,damaged_q2,baseline,rhetoric,1200,0.0033,0.0025,0.0665,0.5292,0.0
base,damaged_q2,baseline,spatial,1200,0.0033,0.0025,0.0727,0.5092,0.0
base,damaged_q2,cognitive_only,boundary,1200,0.01,0.0033,0.142,0.5408,0.0283
base,damaged_q2,cognitive_only,generalist,1200,0.0242,0.0175,0.2635,0.3842,0.0258
base,damaged_q2,cognitive_only,math,4800,0.0342,0.0279,0.2148,0.4092,0.0335
base,damaged_q2,cognitive_only,rhetoric,1200,0.0192,0.01,0.238,0.4267,0.0275
base,damaged_q2,cognitive_only,spatial,1200,0.0217,0.0142,0.2394,0.39,0.0217
base,damaged_q2,cognitive_plus_cyber,boundary,1200,0.2108,0.1225,0.5748,0.3567,0.095
base,damaged_q2,cognitive_plus_cyber,generalist,1200,0.0983,0.0675,0.4414,0.3308,0.0775
base,damaged_q2,cognitive_plus_cyber,math,4800,0.0767,0.0629,0.3202,0.3465,0.0885
base,damaged_q2,cognitive_plus_cyber,rhetoric,1200,0.1117,0.0642,0.4442,0.3125,0.0933
base,damaged_q2,cognitive_plus_cyber,spatial,1200,0.075,0.0458,0.3955,0.3042,0.0917
base,damaged_q2,cognitive_plus_structural,boundary,1200,0.365,0.2092,0.7107,0.2167,0.0592
base,damaged_q2,cognitive_plus_structural,generalist,1200,0.3975,0.2783,0.7391,0.1833,0.0558
base,damaged_q2,cognitive_plus_structural,math,4800,0.4058,0.3125,0.662,0.2019,0.065
base,damaged_q2,cognitive_plus_structural,rhetoric,1200,0.355,0.2358,0.7107,0.2075,0.0717
base,damaged_q2,cognitive_plus_structural,spatial,1200,0.3667,0.2492,0.7106,0.19,0.0633
base,damaged_q2,cyber_only,boundary,1200,0.1,0.0475,0.4491,0.4075,0.0642
base,damaged_q2,cyber_only,generalist,1200,0.0217,0.0158,0.208,0.3875,0.0533
base,damaged_q2,cyber_only,math,4800,0.016,0.0135,0.1516,0.4225,0.0606
base,damaged_q2,cyber_only,rhetoric,1200,0.0192,0.015,0.22,0.3875,0.0592
base,damaged_q2,cyber_only,spatial,1200,0.0142,0.0092,0.2008,0.3892,0.04
base,damaged_q2,cyber_plus_structural,boundary,1200,0.6967,0.4217,0.8784,0.1883,0.1225
base,damaged_q2,cyber_plus_structural,generalist,1200,0.3475,0.2408,0.6718,0.1717,0.1042
base,damaged_q2,cyber_plus_structural,math,4800,0.3175,0.2531,0.5757,0.2033,0.1004
base,damaged_q2,cyber_plus_structural,rhetoric,1200,0.335,0.2425,0.6699,0.1983,0.1183
base,damaged_q2,cyber_plus_structural,spatial,1200,0.3233,0.2267,0.6609,0.1892,0.1083
base,damaged_q2,structural_only,boundary,1200,0.14,0.085,0.4734,0.3292,0.0617
base,damaged_q2,structural_only,generalist,1200,0.12,0.0858,0.432,0.2692,0.03
base,damaged_q2,structural_only,math,4800,0.1663,0.1379,0.4353,0.2802,0.0508
base,damaged_q2,structural_only,rhetoric,1200,0.1167,0.08,0.4266,0.3017,0.04
base,damaged_q2,structural_only,spatial,1200,0.1258,0.0942,0.4597,0.2667,0.0467
base,damaged_q3,all_three_balanced,boundary,1200,0.8575,0.5858,0.939,0.1067,0.1467
base,damaged_q3,all_three_balanced,generalist,1200,0.8783,0.6258,0.9468,0.0933,0.1375
base,damaged_q3,all_three_balanced,math,4800,0.891,0.6412,0.9466,0.0852,0.1285
base,damaged_q3,all_three_balanced,rhetoric,1200,0.87,0.6333,0.9466,0.0958,0.1258
base,damaged_q3,all_three_balanced,spatial,1200,0.8742,0.63,0.9475,0.0925,0.1267
base,damaged_q3,all_three_naive_all_fire,boundary,1200,0.7717,0.3492,0.8792,0.1558,0.3175
base,damaged_q3,all_three_naive_all_fire,generalist,1200,0.6192,0.335,0.8244,0.1392,0.285
base,damaged_q3,all_three_naive_all_fire,math,4800,0.5131,0.3352,0.7373,0.1371,0.2877
base,damaged_q3,all_three_naive_all_fire,rhetoric,1200,0.5725,0.3033,0.805,0.1517,0.2617
base,damaged_q3,all_three_naive_all_fire,spatial,1200,0.54,0.3083,0.785,0.1458,0.2883
base,damaged_q3,baseline,boundary,1200,0.0317,0.0233,0.2711,0.31,0.0
base,damaged_q3,baseline,generalist,1200,0.0592,0.0475,0.3172,0.27,0.0
base,damaged_q3,baseline,math,4800,0.0819,0.075,0.3167,0.2631,0.0
base,damaged_q3,baseline,rhetoric,1200,0.0433,0.0317,0.2967,0.2775,0.0
base,damaged_q3,baseline,spatial,1200,0.0425,0.0367,0.314,0.2542,0.0
base,damaged_q3,cognitive_only,boundary,1200,0.12,0.0825,0.4713,0.2433,0.0367
base,damaged_q3,cognitive_only,generalist,1200,0.2067,0.1542,0.6167,0.1808,0.035
base,damaged_q3,cognitive_only,math,4800,0.254,0.2202,0.5407,0.1994,0.0315
base,damaged_q3,cognitive_only,rhetoric,1200,0.2042,0.16,0.5967,0.195,0.0383
base,damaged_q3,cognitive_only,spatial,1200,0.2017,0.1558,0.5784,0.195,0.0292
base,damaged_q3,cognitive_plus_cyber,boundary,1200,0.6892,0.4492,0.8786,0.1517,0.1017
base,damaged_q3,cognitive_plus_cyber,generalist,1200,0.48,0.35,0.7969,0.1417,0.0933
base,damaged_q3,cognitive_plus_cyber,math,4800,0.3879,0.3146,0.6542,0.169,0.0862
base,damaged_q3,cognitive_plus_cyber,rhetoric,1200,0.4733,0.3183,0.7934,0.1542,0.1067
base,damaged_q3,cognitive_plus_cyber,spatial,1200,0.3917,0.2725,0.7548,0.1192,0.1017
base,damaged_q3,cognitive_plus_structural,boundary,1200,0.8417,0.6058,0.9311,0.1158,0.0675
base,damaged_q3,cognitive_plus_structural,generalist,1200,0.8583,0.625,0.94,0.1,0.07
base,damaged_q3,cognitive_plus_structural,math,4800,0.889,0.6729,0.9441,0.0915,0.0602
base,damaged_q3,cognitive_plus_structural,rhetoric,1200,0.8608,0.6292,0.9394,0.1092,0.0692
base,damaged_q3,cognitive_plus_structural,spatial,1200,0.8542,0.6475,0.9384,0.11,0.0542
base,damaged_q3,cyber_only,boundary,1200,0.4783,0.3325,0.7987,0.1725,0.0625
base,damaged_q3,cyber_only,generalist,1200,0.18,0.1475,0.5549,0.1808,0.0533
base,damaged_q3,cyber_only,math,4800,0.1881,0.1627,0.456,0.2029,0.061
base,damaged_q3,cyber_only,rhetoric,1200,0.1708,0.125,0.5429,0.2008,0.0675
base,damaged_q3,cyber_only,spatial,1200,0.1408,0.1117,0.527,0.1658,0.0692
base,damaged_q3,cyber_plus_structural,boundary,1200,0.865,0.6058,0.9414,0.0975,0.1117
base,damaged_q3,cyber_plus_structural,generalist,1200,0.8542,0.6567,0.9316,0.0958,0.09
base,damaged_q3,cyber_plus_structural,math,4800,0.816,0.6221,0.8959,0.0977,0.1096
base,damaged_q3,cyber_plus_structural,rhetoric,1200,0.8633,0.6492,0.9388,0.0833,0.1
base,damaged_q3,cyber_plus_structural,spatial,1200,0.87,0.66,0.932,0.075,0.1158
base,damaged_q3,structural_only,boundary,1200,0.6658,0.5025,0.8582,0.1525,0.0508
base,damaged_q3,structural_only,generalist,1200,0.5467,0.4217,0.7877,0.125,0.0458
base,damaged_q3,structural_only,math,4800,0.6146,0.5006,0.7756,0.1302,0.0427
base,damaged_q3,structural_only,rhetoric,1200,0.5275,0.42,0.7839,0.1275,0.0433
base,damaged_q3,structural_only,spatial,1200,0.5875,0.4625,0.8082,0.0983,0.0333
base,healthy_q6,all_three_balanced,boundary,1200,0.915,0.66,0.9626,0.0442,0.1567
base,healthy_q6,all_three_balanced,generalist,1200,0.9008,0.7083,0.962,0.0542,0.1275
base,healthy_q6,all_three_balanced,math,4800,0.9379,0.7315,0.9653,0.0475,0.1237
base,healthy_q6,all_three_balanced,rhetoric,1200,0.9083,0.7,0.9642,0.0475,0.1375
base,healthy_q6,all_three_balanced,spatial,1200,0.915,0.7133,0.964,0.0442,0.13
base,healthy_q6,all_three_naive_all_fire,boundary,1200,0.8892,0.4967,0.9277,0.075,0.31
base,healthy_q6,all_three_naive_all_fire,generalist,1200,0.8917,0.5117,0.9275,0.0708,0.2942
base,healthy_q6,all_three_naive_all_fire,math,4800,0.896,0.5458,0.9292,0.0746,0.2829
base,healthy_q6,all_three_naive_all_fire,rhetoric,1200,0.8833,0.53,0.9283,0.08,0.2908
base,healthy_q6,all_three_naive_all_fire,spatial,1200,0.8725,0.5208,0.9279,0.0758,0.2608
base,healthy_q6,baseline,boundary,1200,0.3375,0.2958,0.6806,0.09,0.0
base,healthy_q6,baseline,generalist,1200,0.3608,0.3142,0.7173,0.0642,0.0
base,healthy_q6,baseline,math,4800,0.5062,0.4733,0.7023,0.0777,0.0
base,healthy_q6,baseline,rhetoric,1200,0.3508,0.3158,0.6957,0.0725,0.0
base,healthy_q6,baseline,spatial,1200,0.3458,0.3117,0.6959,0.0783,0.0
base,healthy_q6,cognitive_only,boundary,1200,0.69,0.5708,0.8891,0.0592,0.0275
base,healthy_q6,cognitive_only,generalist,1200,0.8858,0.7533,0.9535,0.0525,0.0342
base,healthy_q6,cognitive_only,math,4800,0.8502,0.7431,0.9123,0.0573,0.0292
base,healthy_q6,cognitive_only,rhetoric,1200,0.8442,0.7217,0.9444,0.0675,0.0317
base,healthy_q6,cognitive_only,spatial,1200,0.8083,0.7117,0.9358,0.055,0.0333
base,healthy_q6,cognitive_plus_cyber,boundary,1200,0.9,0.6808,0.9595,0.0583,0.11
base,healthy_q6,cognitive_plus_cyber,generalist,1200,0.8825,0.7083,0.956,0.0617,0.0892
base,healthy_q6,cognitive_plus_cyber,math,4800,0.9294,0.7506,0.9617,0.0479,0.089
base,healthy_q6,cognitive_plus_cyber,rhetoric,1200,0.8975,0.7083,0.9594,0.0617,0.1017
base,healthy_q6,cognitive_plus_cyber,spatial,1200,0.9017,0.7267,0.9604,0.0542,0.0875
base,healthy_q6,cognitive_plus_structural,boundary,1200,0.92,0.7458,0.9641,0.05,0.0733
base,healthy_q6,cognitive_plus_structural,generalist,1200,0.9008,0.755,0.9623,0.0558,0.0658
base,healthy_q6,cognitive_plus_structural,math,4800,0.9358,0.7867,0.9643,0.0496,0.0552
base,healthy_q6,cognitive_plus_structural,rhetoric,1200,0.9158,0.7708,0.966,0.0408,0.06
base,healthy_q6,cognitive_plus_structural,spatial,1200,0.9292,0.7742,0.9706,0.04,0.0608
base,healthy_q6,cyber_only,boundary,1200,0.9108,0.7167,0.9614,0.0492,0.0758
base,healthy_q6,cyber_only,generalist,1200,0.75,0.63,0.9058,0.065,0.0492
base,healthy_q6,cyber_only,math,4800,0.7298,0.6356,0.8408,0.0619,0.0606
base,healthy_q6,cyber_only,rhetoric,1200,0.7592,0.6433,0.9168,0.0658,0.0483
base,healthy_q6,cyber_only,spatial,1200,0.6883,0.5917,0.8834,0.0558,0.0608
base,healthy_q6,cyber_plus_structural,boundary,1200,0.9183,0.7258,0.966,0.0475,0.1192
base,healthy_q6,cyber_plus_structural,generalist,1200,0.9208,0.7525,0.968,0.0433,0.1008
base,healthy_q6,cyber_plus_structural,math,4800,0.9387,0.7694,0.9675,0.0467,0.1073
base,healthy_q6,cyber_plus_structural,rhetoric,1200,0.9117,0.7317,0.9663,0.0508,0.1125
base,healthy_q6,cyber_plus_structural,spatial,1200,0.9133,0.7233,0.9655,0.0492,0.1092
base,healthy_q6,structural_only,boundary,1200,0.9083,0.7633,0.9615,0.0575,0.0433
base,healthy_q6,structural_only,generalist,1200,0.925,0.7908,0.9684,0.0458,0.05
base,healthy_q6,structural_only,math,4800,0.9408,0.8046,0.9664,0.0462,0.046
base,healthy_q6,structural_only,rhetoric,1200,0.9017,0.7808,0.9609,0.0608,0.0308
base,healthy_q6,structural_only,spatial,1200,0.9275,0.7917,0.968,0.0408,0.0433
degraded_instruct,damaged_q2,all_three_balanced,boundary,1200,0.7208,0.3833,0.8834,0.1733,0.1633
degraded_instruct,damaged_q2,all_three_balanced,generalist,1200,0.5425,0.3308,0.8053,0.1483,0.135
degraded_instruct,damaged_q2,all_three_balanced,math,4800,0.4592,0.3254,0.6888,0.1733,0.1408
degraded_instruct,damaged_q2,all_three_balanced,rhetoric,1200,0.505,0.3233,0.802,0.1583,0.14
degraded_instruct,damaged_q2,all_three_balanced,spatial,1200,0.4883,0.32,0.7815,0.1417,0.1142
degraded_instruct,damaged_q2,all_three_naive_all_fire,boundary,1200,0.2792,0.1142,0.6335,0.2717,0.3217
degraded_instruct,damaged_q2,all_three_naive_all_fire,generalist,1200,0.0975,0.0433,0.4008,0.2642,0.2867
degraded_instruct,damaged_q2,all_three_naive_all_fire,math,4800,0.0675,0.0471,0.3012,0.2929,0.3081
degraded_instruct,damaged_q2,all_three_naive_all_fire,rhetoric,1200,0.0983,0.0475,0.4019,0.2858,0.2892
degraded_instruct,damaged_q2,all_three_naive_all_fire,spatial,1200,0.095,0.0475,0.3785,0.2925,0.2908
degraded_instruct,damaged_q2,baseline,boundary,1200,0.0025,0.0025,0.0339,0.69,0.0
degraded_instruct,damaged_q2,baseline,generalist,1200,0.0008,0.0008,0.0653,0.5533,0.0
degraded_instruct,damaged_q2,baseline,math,4800,0.004,0.0035,0.0667,0.5188,0.0
degraded_instruct,damaged_q2,baseline,rhetoric,1200,0.0017,0.0017,0.0599,0.5358,0.0
degraded_instruct,damaged_q2,baseline,spatial,1200,0.0017,0.0008,0.0645,0.4967,0.0
degraded_instruct,damaged_q2,cognitive_only,boundary,1200,0.005,0.0042,0.1034,0.5708,0.0508
degraded_instruct,damaged_q2,cognitive_only,generalist,1200,0.0142,0.01,0.1989,0.425,0.0433
degraded_instruct,damaged_q2,cognitive_only,math,4800,0.0158,0.0138,0.1631,0.4467,0.0352
degraded_instruct,damaged_q2,cognitive_only,rhetoric,1200,0.0092,0.0042,0.1746,0.4483,0.0417
degraded_instruct,damaged_q2,cognitive_only,spatial,1200,0.015,0.0125,0.1905,0.4258,0.0233
degraded_instruct,damaged_q2,cognitive_plus_cyber,boundary,1200,0.0858,0.0508,0.451,0.4,0.1117
degraded_instruct,damaged_q2,cognitive_plus_cyber,generalist,1200,0.0458,0.0258,0.3111,0.3842,0.1108
degraded_instruct,damaged_q2,cognitive_plus_cyber,math,4800,0.0273,0.0219,0.2103,0.3996,0.1067
degraded_instruct,damaged_q2,cognitive_plus_cyber,rhetoric,1200,0.0367,0.0225,0.3012,0.385,0.1075
degraded_instruct,damaged_q2,cognitive_plus_cyber,spatial,1200,0.0367,0.0217,0.2728,0.37,0.1125
degraded_instruct,damaged_q2,cognitive_plus_structural,boundary,1200,0.2683,0.1592,0.6414,0.2308,0.0783
degraded_instruct,damaged_q2,cognitive_plus_structural,generalist,1200,0.2733,0.175,0.6419,0.2308,0.065
degraded_instruct,damaged_q2,cognitive_plus_structural,math,4800,0.3223,0.2481,0.5927,0.2215,0.0698
degraded_instruct,damaged_q2,cognitive_plus_structural,rhetoric,1200,0.2867,0.1858,0.6397,0.2175,0.0667
degraded_instruct,damaged_q2,cognitive_plus_structural,spatial,1200,0.275,0.1958,0.6417,0.2142,0.0683
degraded_instruct,damaged_q2,cyber_only,boundary,1200,0.0458,0.0233,0.342,0.4642,0.07
degraded_instruct,damaged_q2,cyber_only,generalist,1200,0.0058,0.0008,0.1572,0.4292,0.0742
degraded_instruct,damaged_q2,cyber_only,math,4800,0.014,0.0108,0.1242,0.4448,0.0656
degraded_instruct,damaged_q2,cyber_only,rhetoric,1200,0.0125,0.0075,0.1704,0.445,0.0692
degraded_instruct,damaged_q2,cyber_only,spatial,1200,0.0108,0.0058,0.1582,0.4325,0.0683
degraded_instruct,damaged_q2,cyber_plus_structural,boundary,1200,0.6542,0.3842,0.8628,0.1775,0.1183
degraded_instruct,damaged_q2,cyber_plus_structural,generalist,1200,0.2917,0.2008,0.6223,0.1933,0.1092
degraded_instruct,damaged_q2,cyber_plus_structural,math,4800,0.2587,0.2067,0.5241,0.2254,0.1104
degraded_instruct,damaged_q2,cyber_plus_structural,rhetoric,1200,0.2767,0.1792,0.6197,0.2108,0.1158
degraded_instruct,damaged_q2,cyber_plus_structural,spatial,1200,0.275,0.1933,0.6137,0.2175,0.105
degraded_instruct,damaged_q2,structural_only,boundary,1200,0.165,0.1025,0.4978,0.2983,0.0608
degraded_instruct,damaged_q2,structural_only,generalist,1200,0.1375,0.1042,0.4471,0.2792,0.0433
degraded_instruct,damaged_q2,structural_only,math,4800,0.1746,0.1431,0.4462,0.2787,0.0419
degraded_instruct,damaged_q2,structural_only,rhetoric,1200,0.1142,0.08,0.4363,0.3092,0.0433
degraded_instruct,damaged_q2,structural_only,spatial,1200,0.1475,0.1017,0.4687,0.2817,0.045
degraded_instruct,damaged_q3,all_three_balanced,boundary,1200,0.8583,0.545,0.9358,0.1017,0.1575
degraded_instruct,damaged_q3,all_three_balanced,generalist,1200,0.8775,0.6042,0.9456,0.0858,0.1242
degraded_instruct,damaged_q3,all_three_balanced,math,4800,0.8823,0.6088,0.9424,0.0969,0.1375
degraded_instruct,damaged_q3,all_three_balanced,rhetoric,1200,0.8725,0.585,0.9443,0.0833,0.1392
degraded_instruct,damaged_q3,all_three_balanced,spatial,1200,0.8692,0.5883,0.9416,0.0925,0.1533
degraded_instruct,damaged_q3,all_three_naive_all_fire,boundary,1200,0.6867,0.3133,0.85,0.165,0.3267
degraded_instruct,damaged_q3,all_three_naive_all_fire,generalist,1200,0.4408,0.2275,0.7154,0.1533,0.3092
degraded_instruct,damaged_q3,all_three_naive_all_fire,math,4800,0.3608,0.2352,0.6202,0.1675,0.2998
degraded_instruct,damaged_q3,all_three_naive_all_fire,rhetoric,1200,0.4308,0.2217,0.7116,0.1458,0.295
degraded_instruct,damaged_q3,all_three_naive_all_fire,spatial,1200,0.405,0.2175,0.6958,0.1583,0.2925
degraded_instruct,damaged_q3,baseline,boundary,1200,0.0358,0.0275,0.2737,0.3133,0.0
degraded_instruct,damaged_q3,baseline,generalist,1200,0.0408,0.0325,0.3072,0.2675,0.0
degraded_instruct,damaged_q3,baseline,math,4800,0.0887,0.0804,0.3233,0.2475,0.0
degraded_instruct,damaged_q3,baseline,rhetoric,1200,0.0508,0.0375,0.3099,0.2433,0.0
degraded_instruct,damaged_q3,baseline,spatial,1200,0.05,0.0392,0.3182,0.2783,0.0
degraded_instruct,damaged_q3,cognitive_only,boundary,1200,0.0683,0.0483,0.4093,0.2608,0.0433
degraded_instruct,damaged_q3,cognitive_only,generalist,1200,0.1467,0.1017,0.5155,0.2208,0.0425
degraded_instruct,damaged_q3,cognitive_only,math,4800,0.1806,0.1548,0.4644,0.2194,0.0404
degraded_instruct,damaged_q3,cognitive_only,rhetoric,1200,0.14,0.1008,0.5037,0.215,0.0425
degraded_instruct,damaged_q3,cognitive_only,spatial,1200,0.1358,0.1067,0.5102,0.1908,0.0358
degraded_instruct,damaged_q3,cognitive_plus_cyber,boundary,1200,0.4508,0.3092,0.7744,0.1858,0.105
degraded_instruct,damaged_q3,cognitive_plus_cyber,generalist,1200,0.2658,0.1775,0.6502,0.1825,0.1108
degraded_instruct,damaged_q3,cognitive_plus_cyber,math,4800,0.2546,0.2058,0.537,0.1867,0.0996
degraded_instruct,damaged_q3,cognitive_plus_cyber,rhetoric,1200,0.2667,0.17,0.6581,0.1767,0.1125
degraded_instruct,damaged_q3,cognitive_plus_cyber,spatial,1200,0.2267,0.1583,0.5978,0.2,0.1058
degraded_instruct,damaged_q3,cognitive_plus_structural,boundary,1200,0.7825,0.5533,0.9115,0.1425,0.0825
degraded_instruct,damaged_q3,cognitive_plus_structural,generalist,1200,0.8642,0.6508,0.9415,0.09,0.0567
degraded_instruct,damaged_q3,cognitive_plus_structural,math,4800,0.8567,0.6498,0.925,0.1023,0.0633
degraded_instruct,damaged_q3,cognitive_plus_structural,rhetoric,1200,0.8542,0.6142,0.9363,0.1092,0.0783
degraded_instruct,damaged_q3,cognitive_plus_structural,spatial,1200,0.8625,0.64,0.9397,0.1025,0.0642
degraded_instruct,damaged_q3,cyber_only,boundary,1200,0.3508,0.2308,0.723,0.1917,0.0842
degraded_instruct,damaged_q3,cyber_only,generalist,1200,0.14,0.1017,0.4885,0.2025,0.0667
degraded_instruct,damaged_q3,cyber_only,math,4800,0.1354,0.1148,0.3998,0.224,0.0667
degraded_instruct,damaged_q3,cyber_only,rhetoric,1200,0.12,0.0975,0.4669,0.2383,0.0658
degraded_instruct,damaged_q3,cyber_only,spatial,1200,0.1233,0.0967,0.462,0.215,0.08
degraded_instruct,damaged_q3,cyber_plus_structural,boundary,1200,0.8433,0.59,0.9339,0.1275,0.1242
degraded_instruct,damaged_q3,cyber_plus_structural,generalist,1200,0.7658,0.5708,0.8957,0.1042,0.1158
degraded_instruct,damaged_q3,cyber_plus_structural,math,4800,0.749,0.5642,0.8537,0.1035,0.114
degraded_instruct,damaged_q3,cyber_plus_structural,rhetoric,1200,0.7825,0.55,0.8997,0.1192,0.1258
degraded_instruct,damaged_q3,cyber_plus_structural,spatial,1200,0.7442,0.56,0.8847,0.1033,0.1108
degraded_instruct,damaged_q3,structural_only,boundary,1200,0.7142,0.5125,0.8753,0.1292,0.0442
degraded_instruct,damaged_q3,structural_only,generalist,1200,0.59,0.46,0.7992,0.1233,0.0483
degraded_instruct,damaged_q3,structural_only,math,4800,0.6327,0.5158,0.7882,0.1304,0.046
degraded_instruct,damaged_q3,structural_only,rhetoric,1200,0.575,0.4517,0.797,0.1242,0.0442
degraded_instruct,damaged_q3,structural_only,spatial,1200,0.6133,0.475,0.8136,0.1267,0.0342
degraded_instruct,healthy_q6,all_three_balanced,boundary,1200,0.8983,0.63,0.9567,0.0633,0.1742
degraded_instruct,healthy_q6,all_three_balanced,generalist,1200,0.8983,0.6883,0.96,0.0592,0.1333
degraded_instruct,healthy_q6,all_three_balanced,math,4800,0.9313,0.7002,0.9627,0.055,0.1392
degraded_instruct,healthy_q6,all_three_balanced,rhetoric,1200,0.9117,0.6608,0.9613,0.0583,0.1558
degraded_instruct,healthy_q6,all_three_balanced,spatial,1200,0.9258,0.6925,0.9674,0.0408,0.15
degraded_instruct,healthy_q6,all_three_naive_all_fire,boundary,1200,0.8792,0.4483,0.9177,0.0933,0.3483
degraded_instruct,healthy_q6,all_three_naive_all_fire,generalist,1200,0.8667,0.5075,0.9215,0.09,0.2933
degraded_instruct,healthy_q6,all_three_naive_all_fire,math,4800,0.8717,0.5121,0.9156,0.0833,0.3017
degraded_instruct,healthy_q6,all_three_naive_all_fire,rhetoric,1200,0.8583,0.4925,0.9188,0.105,0.3008
degraded_instruct,healthy_q6,all_three_naive_all_fire,spatial,1200,0.8425,0.4975,0.915,0.1117,0.2908
degraded_instruct,healthy_q6,baseline,boundary,1200,0.33,0.2917,0.678,0.0908,0.0
degraded_instruct,healthy_q6,baseline,generalist,1200,0.3342,0.2958,0.6994,0.0742,0.0
degraded_instruct,healthy_q6,baseline,math,4800,0.5048,0.469,0.7069,0.0733,0.0
degraded_instruct,healthy_q6,baseline,rhetoric,1200,0.3658,0.3175,0.7013,0.0758,0.0
degraded_instruct,healthy_q6,baseline,spatial,1200,0.3483,0.31,0.7018,0.0783,0.0
degraded_instruct,healthy_q6,cognitive_only,boundary,1200,0.5317,0.4242,0.8247,0.0833,0.0342
degraded_instruct,healthy_q6,cognitive_only,generalist,1200,0.7067,0.5908,0.8936,0.0742,0.035
degraded_instruct,healthy_q6,cognitive_only,math,4800,0.7577,0.6635,0.8613,0.0654,0.0344
degraded_instruct,healthy_q6,cognitive_only,rhetoric,1200,0.6867,0.5758,0.8896,0.06,0.0283
degraded_instruct,healthy_q6,cognitive_only,spatial,1200,0.6583,0.545,0.8787,0.07,0.0358
degraded_instruct,healthy_q6,cognitive_plus_cyber,boundary,1200,0.8908,0.6733,0.9538,0.0683,0.1125
degraded_instruct,healthy_q6,cognitive_plus_cyber,generalist,1200,0.9017,0.6967,0.9576,0.0583,0.0908
degraded_instruct,healthy_q6,cognitive_plus_cyber,math,4800,0.8438,0.6721,0.911,0.0688,0.1023
degraded_instruct,healthy_q6,cognitive_plus_cyber,rhetoric,1200,0.9075,0.6975,0.9599,0.0558,0.0958
degraded_instruct,healthy_q6,cognitive_plus_cyber,spatial,1200,0.7983,0.6375,0.9291,0.0658,0.09
degraded_instruct,healthy_q6,cognitive_plus_structural,boundary,1200,0.9258,0.7258,0.9657,0.0475,0.0833
degraded_instruct,healthy_q6,cognitive_plus_structural,generalist,1200,0.895,0.7433,0.9594,0.0575,0.06
degraded_instruct,healthy_q6,cognitive_plus_structural,math,4800,0.9306,0.7706,0.9636,0.0529,0.0671
degraded_instruct,healthy_q6,cognitive_plus_structural,rhetoric,1200,0.9008,0.7308,0.9579,0.06,0.07
degraded_instruct,healthy_q6,cognitive_plus_structural,spatial,1200,0.9167,0.7733,0.9661,0.0475,0.0633
degraded_instruct,healthy_q6,cyber_only,boundary,1200,0.8775,0.6908,0.9498,0.0692,0.0758
degraded_instruct,healthy_q6,cyber_only,generalist,1200,0.6233,0.5283,0.8528,0.0742,0.0617
degraded_instruct,healthy_q6,cyber_only,math,4800,0.6308,0.5448,0.7827,0.0779,0.0638
degraded_instruct,healthy_q6,cyber_only,rhetoric,1200,0.6592,0.5442,0.8702,0.0717,0.0775
degraded_instruct,healthy_q6,cyber_only,spatial,1200,0.595,0.5033,0.8342,0.0675,0.0692
degraded_instruct,healthy_q6,cyber_plus_structural,boundary,1200,0.9083,0.6875,0.962,0.0525,0.1383
degraded_instruct,healthy_q6,cyber_plus_structural,generalist,1200,0.9133,0.7367,0.9658,0.0483,0.1092
degraded_instruct,healthy_q6,cyber_plus_structural,math,4800,0.9321,0.7502,0.9629,0.0537,0.1067
degraded_instruct,healthy_q6,cyber_plus_structural,rhetoric,1200,0.92,0.7233,0.967,0.055,0.1175
degraded_instruct,healthy_q6,cyber_plus_structural,spatial,1200,0.9058,0.7325,0.9633,0.0583,0.1042
degraded_instruct,healthy_q6,structural_only,boundary,1200,0.8975,0.745,0.9585,0.0633,0.0492
degraded_instruct,healthy_q6,structural_only,generalist,1200,0.92,0.7792,0.9662,0.0492,0.0542
degraded_instruct,healthy_q6,structural_only,math,4800,0.9348,0.8092,0.9656,0.0506,0.044
degraded_instruct,healthy_q6,structural_only,rhetoric,1200,0.9033,0.7567,0.9631,0.0558,0.0592
degraded_instruct,healthy_q6,structural_only,spatial,1200,0.91,0.7908,0.9653,0.0517,0.0433
instruct,damaged_q2,all_three_balanced,boundary,1200,0.6058,0.34,0.8419,0.1925,0.145
instruct,damaged_q2,all_three_balanced,generalist,1200,0.2975,0.1825,0.6501,0.1992,0.1392
instruct,damaged_q2,all_three_balanced,math,4800,0.2404,0.1787,0.5263,0.2192,0.1231
instruct,damaged_q2,all_three_balanced,rhetoric,1200,0.2867,0.17,0.6364,0.2067,0.12
instruct,damaged_q2,all_three_balanced,spatial,1200,0.2633,0.1683,0.6095,0.2042,0.1208
instruct,damaged_q2,all_three_naive_all_fire,boundary,1200,0.11,0.0367,0.4288,0.3467,0.3175
instruct,damaged_q2,all_three_naive_all_fire,generalist,1200,0.03,0.0158,0.254,0.3625,0.3075
instruct,damaged_q2,all_three_naive_all_fire,math,4800,0.0306,0.0244,0.1983,0.3527,0.2765
instruct,damaged_q2,all_three_naive_all_fire,rhetoric,1200,0.0308,0.0175,0.2513,0.3542,0.2792
instruct,damaged_q2,all_three_naive_all_fire,spatial,1200,0.0275,0.0158,0.2493,0.3383,0.3
instruct,damaged_q2,baseline,boundary,1200,0.0017,0.0008,0.0324,0.6742,0.0
instruct,damaged_q2,baseline,generalist,1200,0.0,0.0,0.0673,0.5317,0.0
instruct,damaged_q2,baseline,math,4800,0.0042,0.004,0.0647,0.5285,0.0
instruct,damaged_q2,baseline,rhetoric,1200,0.0,0.0,0.0614,0.585,0.0
instruct,damaged_q2,baseline,spatial,1200,0.0058,0.0033,0.0756,0.5142,0.0
instruct,damaged_q2,cognitive_only,boundary,1200,0.0017,0.0008,0.0613,0.6108,0.0342
instruct,damaged_q2,cognitive_only,generalist,1200,0.005,0.0025,0.1292,0.4775,0.0325
instruct,damaged_q2,cognitive_only,math,4800,0.0098,0.009,0.1177,0.4796,0.0367
instruct,damaged_q2,cognitive_only,rhetoric,1200,0.0042,0.0008,0.121,0.4958,0.0367
instruct,damaged_q2,cognitive_only,spatial,1200,0.0042,0.0025,0.126,0.4558,0.0358
instruct,damaged_q2,cognitive_plus_cyber,boundary,1200,0.0258,0.0175,0.2876,0.4592,0.1075
instruct,damaged_q2,cognitive_plus_cyber,generalist,1200,0.0158,0.0075,0.1901,0.42,0.1008
instruct,damaged_q2,cognitive_plus_cyber,math,4800,0.0117,0.0085,0.1262,0.4583,0.0992
instruct,damaged_q2,cognitive_plus_cyber,rhetoric,1200,0.0133,0.0092,0.1827,0.4508,0.105
instruct,damaged_q2,cognitive_plus_cyber,spatial,1200,0.0083,0.0033,0.1688,0.41,0.1025
instruct,damaged_q2,cognitive_plus_structural,boundary,1200,0.1625,0.1,0.5043,0.3083,0.0617
instruct,damaged_q2,cognitive_plus_structural,generalist,1200,0.1825,0.1233,0.5333,0.2367,0.0625
instruct,damaged_q2,cognitive_plus_structural,math,4800,0.2004,0.16,0.4817,0.2577,0.059
instruct,damaged_q2,cognitive_plus_structural,rhetoric,1200,0.1733,0.1175,0.5079,0.2633,0.0567
instruct,damaged_q2,cognitive_plus_structural,spatial,1200,0.1633,0.1108,0.515,0.2433,0.06
instruct,damaged_q2,cyber_only,boundary,1200,0.0267,0.0142,0.2507,0.4917,0.065
instruct,damaged_q2,cyber_only,generalist,1200,0.005,0.0025,0.1289,0.4442,0.0492
instruct,damaged_q2,cyber_only,math,4800,0.0067,0.005,0.0918,0.4777,0.0631
instruct,damaged_q2,cyber_only,rhetoric,1200,0.0058,0.0008,0.1252,0.4783,0.0792
instruct,damaged_q2,cyber_only,spatial,1200,0.0075,0.0042,0.1174,0.4617,0.0567
instruct,damaged_q2,cyber_plus_structural,boundary,1200,0.5825,0.3558,0.8333,0.2075,0.1025
instruct,damaged_q2,cyber_plus_structural,generalist,1200,0.1725,0.1025,0.5125,0.2275,0.0983
instruct,damaged_q2,cyber_plus_structural,math,4800,0.1729,0.1377,0.4343,0.2606,0.1052
instruct,damaged_q2,cyber_plus_structural,rhetoric,1200,0.1792,0.1092,0.5116,0.2517,0.1017
instruct,damaged_q2,cyber_plus_structural,spatial,1200,0.1475,0.1058,0.4948,0.2467,0.0975
instruct,damaged_q2,structural_only,boundary,1200,0.1292,0.0758,0.4557,0.3308,0.0425
instruct,damaged_q2,structural_only,generalist,1200,0.1125,0.0775,0.4194,0.2967,0.0375
instruct,damaged_q2,structural_only,math,4800,0.1508,0.1231,0.412,0.2877,0.0404
instruct,damaged_q2,structural_only,rhetoric,1200,0.1125,0.0792,0.4036,0.3175,0.0433
instruct,damaged_q2,structural_only,spatial,1200,0.1367,0.0983,0.4485,0.2608,0.0333
instruct,damaged_q3,all_three_balanced,boundary,1200,0.8325,0.5283,0.9266,0.1258,0.1183
instruct,damaged_q3,all_three_balanced,generalist,1200,0.7925,0.5208,0.917,0.1192,0.1433
instruct,damaged_q3,all_three_balanced,math,4800,0.7371,0.5192,0.8539,0.1181,0.1292
instruct,damaged_q3,all_three_balanced,rhetoric,1200,0.8092,0.5442,0.9203,0.1142,0.1225
instruct,damaged_q3,all_three_balanced,spatial,1200,0.74,0.5133,0.8904,0.1167,0.1075
instruct,damaged_q3,all_three_naive_all_fire,boundary,1200,0.5742,0.2475,0.7991,0.1675,0.3325
instruct,damaged_q3,all_three_naive_all_fire,generalist,1200,0.2367,0.1242,0.5648,0.1783,0.3133
instruct,damaged_q3,all_three_naive_all_fire,math,4800,0.1967,0.1452,0.4862,0.1994,0.2806
instruct,damaged_q3,all_three_naive_all_fire,rhetoric,1200,0.2342,0.1242,0.5693,0.18,0.3133
instruct,damaged_q3,all_three_naive_all_fire,spatial,1200,0.2383,0.135,0.5667,0.165,0.2517
instruct,damaged_q3,baseline,boundary,1200,0.0342,0.0258,0.2564,0.3175,0.0
instruct,damaged_q3,baseline,generalist,1200,0.045,0.0392,0.3185,0.2608,0.0
instruct,damaged_q3,baseline,math,4800,0.0754,0.0702,0.3136,0.2646,0.0
instruct,damaged_q3,baseline,rhetoric,1200,0.0558,0.0442,0.3238,0.235,0.0
instruct,damaged_q3,baseline,spatial,1200,0.0417,0.0308,0.3196,0.2508,0.0
instruct,damaged_q3,cognitive_only,boundary,1200,0.0475,0.0358,0.3124,0.3033,0.035
instruct,damaged_q3,cognitive_only,generalist,1200,0.11,0.0767,0.431,0.2392,0.0408
instruct,damaged_q3,cognitive_only,math,4800,0.1194,0.0977,0.3856,0.244,0.0396
instruct,damaged_q3,cognitive_only,rhetoric,1200,0.0808,0.0592,0.4129,0.2517,0.0442
instruct,damaged_q3,cognitive_only,spatial,1200,0.0908,0.0725,0.4208,0.2242,0.0333
instruct,damaged_q3,cognitive_plus_cyber,boundary,1200,0.2558,0.1583,0.6524,0.235,0.095
instruct,damaged_q3,cognitive_plus_cyber,generalist,1200,0.1342,0.0967,0.4961,0.2175,0.0992
instruct,damaged_q3,cognitive_plus_cyber,math,4800,0.1388,0.1138,0.408,0.2458,0.0965
instruct,damaged_q3,cognitive_plus_cyber,rhetoric,1200,0.135,0.0917,0.4935,0.2275,0.0858
instruct,damaged_q3,cognitive_plus_cyber,spatial,1200,0.1233,0.085,0.4616,0.2217,0.1092
instruct,damaged_q3,cognitive_plus_structural,boundary,1200,0.6942,0.47,0.879,0.1317,0.0658
instruct,damaged_q3,cognitive_plus_structural,generalist,1200,0.6642,0.4817,0.8615,0.1308,0.0542
instruct,damaged_q3,cognitive_plus_structural,math,4800,0.6708,0.5246,0.8223,0.1273,0.0573
instruct,damaged_q3,cognitive_plus_structural,rhetoric,1200,0.6342,0.4625,0.845,0.135,0.0608
instruct,damaged_q3,cognitive_plus_structural,spatial,1200,0.6675,0.5,0.8662,0.1225,0.0533
instruct,damaged_q3,cyber_only,boundary,1200,0.225,0.1458,0.6193,0.2492,0.0775
instruct,damaged_q3,cyber_only,generalist,1200,0.1017,0.0725,0.4209,0.2342,0.0617
instruct,damaged_q3,cyber_only,math,4800,0.105,0.0904,0.3565,0.2306,0.0558
instruct,damaged_q3,cyber_only,rhetoric,1200,0.1,0.0725,0.425,0.2267,0.0758
instruct,damaged_q3,cyber_only,spatial,1200,0.0825,0.0683,0.4036,0.235,0.0533
instruct,damaged_q3,cyber_plus_structural,boundary,1200,0.8225,0.5675,0.9254,0.1333,0.1042
instruct,damaged_q3,cyber_plus_structural,generalist,1200,0.5983,0.4383,0.8177,0.125,0.1192
instruct,damaged_q3,cyber_plus_structural,math,4800,0.605,0.4788,0.771,0.1219,0.0887
instruct,damaged_q3,cyber_plus_structural,rhetoric,1200,0.6267,0.4592,0.8261,0.1092,0.1075
instruct,damaged_q3,cyber_plus_structural,spatial,1200,0.5975,0.4483,0.8172,0.12,0.09
instruct,damaged_q3,structural_only,boundary,1200,0.6025,0.435,0.8295,0.1283,0.0433
instruct,damaged_q3,structural_only,generalist,1200,0.4808,0.3692,0.7634,0.13,0.0375
instruct,damaged_q3,structural_only,math,4800,0.5844,0.4794,0.7592,0.129,0.0402
instruct,damaged_q3,structural_only,rhetoric,1200,0.4867,0.375,0.7571,0.1383,0.0325
instruct,damaged_q3,structural_only,spatial,1200,0.5258,0.4192,0.7774,0.1325,0.0442
instruct,healthy_q6,all_three_balanced,boundary,1200,0.8858,0.6267,0.9514,0.0717,0.1625
instruct,healthy_q6,all_three_balanced,generalist,1200,0.8867,0.6467,0.9525,0.0758,0.1233
instruct,healthy_q6,all_three_balanced,math,4800,0.9123,0.6771,0.9539,0.0692,0.1275
instruct,healthy_q6,all_three_balanced,rhetoric,1200,0.8808,0.6608,0.9493,0.08,0.1217
instruct,healthy_q6,all_three_balanced,spatial,1200,0.9108,0.6867,0.9638,0.055,0.1325
instruct,healthy_q6,all_three_naive_all_fire,boundary,1200,0.8567,0.4683,0.9157,0.1,0.3067
instruct,healthy_q6,all_three_naive_all_fire,generalist,1200,0.8283,0.4575,0.8901,0.0742,0.3058
instruct,healthy_q6,all_three_naive_all_fire,math,4800,0.7519,0.4548,0.8513,0.0969,0.2835
instruct,healthy_q6,all_three_naive_all_fire,rhetoric,1200,0.7983,0.46,0.8784,0.1158,0.2858
instruct,healthy_q6,all_three_naive_all_fire,spatial,1200,0.7875,0.4583,0.8751,0.11,0.275
instruct,healthy_q6,baseline,boundary,1200,0.315,0.2792,0.6662,0.0942,0.0
instruct,healthy_q6,baseline,generalist,1200,0.3558,0.32,0.6984,0.0808,0.0
instruct,healthy_q6,baseline,math,4800,0.4985,0.4675,0.7035,0.0788,0.0
instruct,healthy_q6,baseline,rhetoric,1200,0.3342,0.2975,0.6874,0.0908,0.0
instruct,healthy_q6,baseline,spatial,1200,0.3575,0.3167,0.705,0.0758,0.0
instruct,healthy_q6,cognitive_only,boundary,1200,0.4283,0.365,0.7593,0.0817,0.0442
instruct,healthy_q6,cognitive_only,generalist,1200,0.5108,0.4275,0.8166,0.0767,0.0317
instruct,healthy_q6,cognitive_only,math,4800,0.6144,0.5448,0.7793,0.0802,0.034
instruct,healthy_q6,cognitive_only,rhetoric,1200,0.5142,0.435,0.8047,0.0833,0.0308
instruct,healthy_q6,cognitive_only,spatial,1200,0.4917,0.4192,0.7988,0.0808,0.0275
instruct,healthy_q6,cognitive_plus_cyber,boundary,1200,0.8108,0.5908,0.926,0.0983,0.11
instruct,healthy_q6,cognitive_plus_cyber,generalist,1200,0.6558,0.4942,0.8693,0.0817,0.0975
instruct,healthy_q6,cognitive_plus_cyber,math,4800,0.6267,0.5112,0.7833,0.0892,0.0912
instruct,healthy_q6,cognitive_plus_cyber,rhetoric,1200,0.6592,0.4958,0.8709,0.1,0.1008
instruct,healthy_q6,cognitive_plus_cyber,spatial,1200,0.6175,0.4758,0.8463,0.0892,0.115
instruct,healthy_q6,cognitive_plus_structural,boundary,1200,0.89,0.7225,0.9565,0.07,0.0667
instruct,healthy_q6,cognitive_plus_structural,generalist,1200,0.9058,0.7508,0.9596,0.0575,0.0592
instruct,healthy_q6,cognitive_plus_structural,math,4800,0.9313,0.7642,0.9619,0.055,0.0575
instruct,healthy_q6,cognitive_plus_structural,rhetoric,1200,0.8983,0.7375,0.9583,0.0583,0.055
instruct,healthy_q6,cognitive_plus_structural,spatial,1200,0.9,0.7558,0.9614,0.0575,0.0483
instruct,healthy_q6,cyber_only,boundary,1200,0.8525,0.69,0.9435,0.07,0.0575
instruct,healthy_q6,cyber_only,generalist,1200,0.5183,0.4358,0.7955,0.0725,0.0592
instruct,healthy_q6,cyber_only,math,4800,0.541,0.4635,0.7266,0.0819,0.0635
instruct,healthy_q6,cyber_only,rhetoric,1200,0.545,0.4542,0.8134,0.0758,0.0517
instruct,healthy_q6,cyber_only,spatial,1200,0.465,0.3792,0.7617,0.0892,0.0592
instruct,healthy_q6,cyber_plus_structural,boundary,1200,0.8833,0.6767,0.954,0.0817,0.1275
instruct,healthy_q6,cyber_plus_structural,generalist,1200,0.905,0.735,0.9632,0.06,0.0942
instruct,healthy_q6,cyber_plus_structural,math,4800,0.9221,0.7385,0.9606,0.0596,0.0988
instruct,healthy_q6,cyber_plus_structural,rhetoric,1200,0.8983,0.715,0.9583,0.0625,0.0983
instruct,healthy_q6,cyber_plus_structural,spatial,1200,0.9125,0.7208,0.9642,0.0575,0.105
instruct,healthy_q6,structural_only,boundary,1200,0.9058,0.7575,0.9613,0.055,0.0525
instruct,healthy_q6,structural_only,generalist,1200,0.9083,0.785,0.9622,0.0508,0.04
instruct,healthy_q6,structural_only,math,4800,0.9346,0.8046,0.9647,0.049,0.0425
instruct,healthy_q6,structural_only,rhetoric,1200,0.915,0.7758,0.965,0.0483,0.0475
instruct,healthy_q6,structural_only,spatial,1200,0.9258,0.7933,0.9685,0.04,0.0417
