model,substrate,quant,stack,pass_lift,clean_pass_lift,score_lift,cascade_delta,echo_delta,distractor_delta
27b,base,collapsed_q2_edge,cognitive_structural_25_75,0.333,0.2452,0.5969,0.2218,0.0246,0.4214
27b,base,collapsed_q2_edge,cyber_structural_25_75,0.3445,0.2566,0.6008,0.2182,0.0311,0.3893
27b,base,collapsed_q2_edge,q2_structural_amplifier,0.7889,0.3925,0.868,0.1241,0.2852,0.4104
27b,base,collapsed_q2_edge,routed_tri_structural_60,0.4989,0.3613,0.7174,0.1761,0.0489,0.3873
27b,base,collapsed_q2_edge,routed_tri_structural_65,0.5377,0.3832,0.734,0.1705,0.0462,0.3802
27b,base,collapsed_q2_edge,stability_first_tri_70,0.5877,0.418,0.7634,0.1605,0.0395,0.3739
27b,base,damaged_q2,cognitive_structural_25_75,0.6907,0.5038,0.8195,0.1261,0.0236,0.3491
27b,base,damaged_q2,cyber_structural_25_75,0.6871,0.5136,0.8184,0.128,0.028,0.3102
27b,base,damaged_q2,q2_structural_amplifier,0.8629,0.4457,0.906,0.1016,0.287,0.3436
27b,base,damaged_q2,routed_tri_structural_60,0.8113,0.5695,0.8942,0.1089,0.0446,0.3339
27b,base,damaged_q2,routed_tri_structural_65,0.8296,0.5864,0.9059,0.1068,0.0429,0.3214
27b,base,damaged_q2,stability_first_tri_70,0.8438,0.5936,0.9148,0.1059,0.042,0.3214
27b,base,damaged_q3,cognitive_structural_25_75,0.9046,0.6987,0.9465,0.0748,0.023,0.2354
27b,base,damaged_q3,cyber_structural_25_75,0.9011,0.7007,0.9456,0.0789,0.0314,0.2225
27b,base,damaged_q3,q2_structural_amplifier,0.8886,0.4979,0.9191,0.0841,0.2825,0.2659
27b,base,damaged_q3,routed_tri_structural_60,0.912,0.6977,0.9504,0.068,0.0441,0.2245
27b,base,damaged_q3,routed_tri_structural_65,0.917,0.7104,0.9528,0.0668,0.0427,0.2166
27b,base,damaged_q3,stability_first_tri_70,0.9146,0.7004,0.9513,0.0661,0.0402,0.227
27b,base,damaged_q4,cognitive_structural_25_75,0.9268,0.7507,0.9555,0.0582,0.0187,0.1913
27b,base,damaged_q4,cyber_structural_25_75,0.9332,0.762,0.9593,0.0523,0.0293,0.1795
27b,base,damaged_q4,q2_structural_amplifier,0.905,0.5304,0.9282,0.067,0.2807,0.2213
27b,base,damaged_q4,routed_tri_structural_60,0.9348,0.7384,0.9587,0.0468,0.0454,0.1889
27b,base,damaged_q4,routed_tri_structural_65,0.9273,0.7441,0.9576,0.0527,0.0484,0.1757
27b,base,damaged_q4,stability_first_tri_70,0.9266,0.7488,0.9578,0.057,0.0448,0.1705
27b,base,healthy_q6,cognitive_structural_25_75,0.9468,0.805,0.9656,0.0375,0.02,0.145
27b,base,healthy_q6,cyber_structural_25_75,0.9479,0.803,0.9664,0.0348,0.0338,0.1348
27b,base,healthy_q6,q2_structural_amplifier,0.9159,0.5575,0.9339,0.0563,0.2741,0.1879
27b,base,healthy_q6,routed_tri_structural_60,0.9443,0.7875,0.9659,0.0359,0.0477,0.138
27b,base,healthy_q6,routed_tri_structural_65,0.9511,0.8032,0.9681,0.0357,0.0429,0.1296
27b,base,healthy_q6,stability_first_tri_70,0.9486,0.8027,0.9678,0.0329,0.0377,0.1318
27b,base,healthy_q8,cognitive_structural_25_75,0.9616,0.8321,0.9714,0.0223,0.0216,0.1243
27b,base,healthy_q8,cyber_structural_25_75,0.9595,0.8305,0.9727,0.0262,0.0305,0.115
27b,base,healthy_q8,q2_structural_amplifier,0.9255,0.5764,0.938,0.0475,0.272,0.1657
27b,base,healthy_q8,routed_tri_structural_60,0.9618,0.8109,0.9715,0.0261,0.0512,0.1198
27b,base,healthy_q8,routed_tri_structural_65,0.9636,0.8155,0.9721,0.0218,0.047,0.1214
27b,base,healthy_q8,stability_first_tri_70,0.9609,0.8284,0.9726,0.0209,0.0416,0.1084
27b,degraded_instruct,collapsed_q2_edge,cognitive_structural_25_75,0.3075,0.2348,0.575,0.2332,0.0252,0.4159
27b,degraded_instruct,collapsed_q2_edge,cyber_structural_25_75,0.3273,0.2421,0.5908,0.2207,0.0352,0.3916
27b,degraded_instruct,collapsed_q2_edge,q2_structural_amplifier,0.7727,0.385,0.8604,0.1229,0.29,0.4025
27b,degraded_instruct,collapsed_q2_edge,routed_tri_structural_60,0.4525,0.3175,0.6797,0.1916,0.0486,0.4138
27b,degraded_instruct,collapsed_q2_edge,routed_tri_structural_65,0.4968,0.3477,0.7142,0.182,0.0511,0.4009
27b,degraded_instruct,collapsed_q2_edge,stability_first_tri_70,0.5473,0.3854,0.7406,0.1723,0.0411,0.3868
27b,degraded_instruct,damaged_q2,cognitive_structural_25_75,0.6691,0.4916,0.8114,0.1263,0.0241,0.3446
27b,degraded_instruct,damaged_q2,cyber_structural_25_75,0.6595,0.4804,0.8039,0.1395,0.0364,0.3282
27b,degraded_instruct,damaged_q2,q2_structural_amplifier,0.8466,0.4302,0.9001,0.1125,0.2889,0.353
27b,degraded_instruct,damaged_q2,routed_tri_structural_60,0.7921,0.5532,0.8803,0.1155,0.0537,0.337
27b,degraded_instruct,damaged_q2,routed_tri_structural_65,0.8077,0.5625,0.8878,0.1164,0.0459,0.3329
27b,degraded_instruct,damaged_q2,stability_first_tri_70,0.8336,0.5773,0.907,0.1011,0.0448,0.3379
27b,degraded_instruct,damaged_q3,cognitive_structural_25_75,0.9046,0.6843,0.9466,0.0752,0.0246,0.2534
27b,degraded_instruct,damaged_q3,cyber_structural_25_75,0.9032,0.6954,0.9462,0.0759,0.0334,0.2295
27b,degraded_instruct,damaged_q3,q2_structural_amplifier,0.8973,0.4936,0.9204,0.0721,0.2871,0.2846
27b,degraded_instruct,damaged_q3,routed_tri_structural_60,0.91,0.697,0.9497,0.0711,0.0514,0.2191
27b,degraded_instruct,damaged_q3,routed_tri_structural_65,0.9107,0.6877,0.9489,0.0721,0.0461,0.2345
27b,degraded_instruct,damaged_q3,stability_first_tri_70,0.9173,0.7016,0.9505,0.0638,0.0477,0.2234
27b,degraded_instruct,damaged_q4,cognitive_structural_25_75,0.925,0.7489,0.9561,0.0584,0.0232,0.1913
27b,degraded_instruct,damaged_q4,cyber_structural_25_75,0.9332,0.7612,0.9591,0.0479,0.035,0.1741
27b,degraded_instruct,damaged_q4,q2_structural_amplifier,0.9062,0.5138,0.9256,0.0652,0.2929,0.2382
27b,degraded_instruct,damaged_q4,routed_tri_structural_60,0.928,0.7384,0.9579,0.0546,0.0512,0.1832
27b,degraded_instruct,damaged_q4,routed_tri_structural_65,0.9282,0.7395,0.9579,0.0534,0.0504,0.1802
27b,degraded_instruct,damaged_q4,stability_first_tri_70,0.9287,0.74,0.9581,0.0523,0.0457,0.1832
27b,degraded_instruct,healthy_q6,cognitive_structural_25_75,0.9477,0.7995,0.9653,0.037,0.0223,0.1502
27b,degraded_instruct,healthy_q6,cyber_structural_25_75,0.947,0.7934,0.9639,0.0377,0.0341,0.1446
27b,degraded_instruct,healthy_q6,q2_structural_amplifier,0.9227,0.5507,0.9342,0.0504,0.2964,0.1818
27b,degraded_instruct,healthy_q6,routed_tri_structural_60,0.9513,0.7845,0.9676,0.0332,0.0496,0.1434
27b,degraded_instruct,healthy_q6,routed_tri_structural_65,0.9495,0.782,0.967,0.0357,0.0532,0.1418
27b,degraded_instruct,healthy_q6,stability_first_tri_70,0.9479,0.7923,0.9659,0.0352,0.0437,0.1384
27b,degraded_instruct,healthy_q8,cognitive_structural_25_75,0.9637,0.8391,0.9723,0.0239,0.0238,0.1159
27b,degraded_instruct,healthy_q8,cyber_structural_25_75,0.958,0.8266,0.9717,0.0261,0.0407,0.1096
27b,degraded_instruct,healthy_q8,q2_structural_amplifier,0.9254,0.5593,0.9368,0.047,0.2896,0.1718
27b,degraded_instruct,healthy_q8,routed_tri_structural_60,0.9545,0.7984,0.9699,0.03,0.0529,0.1221
27b,degraded_instruct,healthy_q8,routed_tri_structural_65,0.96,0.8061,0.9703,0.0243,0.0482,0.1261
27b,degraded_instruct,healthy_q8,stability_first_tri_70,0.9521,0.8002,0.9691,0.0318,0.053,0.123
27b,instruct,collapsed_q2_edge,cognitive_structural_25_75,0.2495,0.1964,0.5233,0.2414,0.0184,0.418
27b,instruct,collapsed_q2_edge,cyber_structural_25_75,0.2757,0.205,0.5419,0.2348,0.028,0.395
27b,instruct,collapsed_q2_edge,q2_structural_amplifier,0.6784,0.3495,0.8092,0.1509,0.2786,0.4361
27b,instruct,collapsed_q2_edge,routed_tri_structural_60,0.3588,0.2666,0.6071,0.2068,0.0479,0.4157
27b,instruct,collapsed_q2_edge,routed_tri_structural_65,0.378,0.2748,0.6326,0.2055,0.0407,0.4121
27b,instruct,collapsed_q2_edge,stability_first_tri_70,0.437,0.3309,0.6689,0.1895,0.0329,0.3839
27b,instruct,damaged_q2,cognitive_structural_25_75,0.5623,0.4184,0.7493,0.1459,0.0186,0.365
27b,instruct,damaged_q2,cyber_structural_25_75,0.5805,0.433,0.7581,0.1496,0.0266,0.3514
27b,instruct,damaged_q2,q2_structural_amplifier,0.8186,0.4246,0.8855,0.1138,0.2802,0.3686
27b,instruct,damaged_q2,routed_tri_structural_60,0.6834,0.4786,0.8188,0.1423,0.0446,0.3514
27b,instruct,damaged_q2,routed_tri_structural_65,0.7345,0.5182,0.8469,0.1254,0.038,0.3457
27b,instruct,damaged_q2,stability_first_tri_70,0.7782,0.5509,0.8697,0.1152,0.038,0.3354
27b,instruct,damaged_q3,cognitive_structural_25_75,0.9057,0.6961,0.9466,0.0705,0.0191,0.2459
27b,instruct,damaged_q3,cyber_structural_25_75,0.8905,0.6854,0.9401,0.0791,0.0264,0.2379
27b,instruct,damaged_q3,q2_structural_amplifier,0.8788,0.4982,0.9174,0.0857,0.2746,0.262
27b,instruct,damaged_q3,routed_tri_structural_60,0.9012,0.6829,0.9452,0.0821,0.0404,0.24
27b,instruct,damaged_q3,routed_tri_structural_65,0.9079,0.6954,0.9484,0.0729,0.038,0.2296
27b,instruct,damaged_q3,stability_first_tri_70,0.9114,0.6963,0.9493,0.0702,0.0346,0.233
27b,instruct,damaged_q4,cognitive_structural_25_75,0.9279,0.752,0.9566,0.058,0.0184,0.1898
27b,instruct,damaged_q4,cyber_structural_25_75,0.9266,0.7482,0.9566,0.0564,0.0232,0.1888
27b,instruct,damaged_q4,q2_structural_amplifier,0.9041,0.5375,0.9282,0.0679,0.2575,0.2371
27b,instruct,damaged_q4,routed_tri_structural_60,0.9291,0.7305,0.9555,0.0555,0.0429,0.1991
27b,instruct,damaged_q4,routed_tri_structural_65,0.9373,0.7473,0.9601,0.0482,0.0414,0.1859
27b,instruct,damaged_q4,stability_first_tri_70,0.9332,0.7507,0.9593,0.0504,0.0352,0.1827
27b,instruct,healthy_q6,cognitive_structural_25_75,0.9509,0.8125,0.9673,0.0345,0.0184,0.1421
27b,instruct,healthy_q6,cyber_structural_25_75,0.9513,0.8087,0.9674,0.0348,0.0223,0.1395
27b,instruct,healthy_q6,q2_structural_amplifier,0.9125,0.5455,0.9318,0.0577,0.2821,0.1879
27b,instruct,healthy_q6,routed_tri_structural_60,0.9477,0.7823,0.9646,0.0361,0.0405,0.1512
27b,instruct,healthy_q6,routed_tri_structural_65,0.942,0.7848,0.9643,0.0418,0.0354,0.1479
27b,instruct,healthy_q6,stability_first_tri_70,0.9436,0.7916,0.9645,0.0379,0.0348,0.1412
27b,instruct,healthy_q8,cognitive_structural_25_75,0.9557,0.8295,0.9698,0.0282,0.017,0.1261
27b,instruct,healthy_q8,cyber_structural_25_75,0.9541,0.8211,0.9699,0.0305,0.0286,0.1229
27b,instruct,healthy_q8,q2_structural_amplifier,0.9204,0.5686,0.935,0.0502,0.2716,0.1873
27b,instruct,healthy_q8,routed_tri_structural_60,0.9609,0.8132,0.9706,0.0261,0.0386,0.1298
27b,instruct,healthy_q8,routed_tri_structural_65,0.9566,0.8068,0.9688,0.0277,0.0423,0.13
27b,instruct,healthy_q8,stability_first_tri_70,0.9537,0.8157,0.9692,0.0321,0.0357,0.1225
2b_reference,base,collapsed_q2_edge,cognitive_structural_25_75,0.0611,0.0464,0.2573,0.4959,0.022,0.5791
2b_reference,base,collapsed_q2_edge,cyber_structural_25_75,0.0736,0.0532,0.2765,0.4845,0.03,0.5336
2b_reference,base,collapsed_q2_edge,q2_structural_amplifier,0.4471,0.232,0.6721,0.2345,0.2891,0.5241
2b_reference,base,collapsed_q2_edge,routed_tri_structural_60,0.1289,0.0907,0.3717,0.4145,0.0473,0.5514
2b_reference,base,collapsed_q2_edge,routed_tri_structural_65,0.1393,0.0991,0.3903,0.3975,0.0414,0.5527
2b_reference,base,collapsed_q2_edge,stability_first_tri_70,0.1627,0.1129,0.4177,0.3821,0.0423,0.5446
2b_reference,base,damaged_q2,cognitive_structural_25_75,0.222,0.1605,0.4897,0.2979,0.0204,0.4848
2b_reference,base,damaged_q2,cyber_structural_25_75,0.255,0.1837,0.513,0.3096,0.033,0.4487
2b_reference,base,damaged_q2,q2_structural_amplifier,0.7061,0.35,0.8273,0.163,0.2784,0.4575
2b_reference,base,damaged_q2,routed_tri_structural_60,0.3854,0.2686,0.6267,0.2536,0.047,0.4546
2b_reference,base,damaged_q2,routed_tri_structural_65,0.3975,0.2784,0.6394,0.2396,0.0441,0.4543
2b_reference,base,damaged_q2,stability_first_tri_70,0.4496,0.3139,0.6675,0.2418,0.0409,0.4555
2b_reference,base,damaged_q3,cognitive_structural_25_75,0.743,0.5507,0.8537,0.1348,0.0209,0.3212
2b_reference,base,damaged_q3,cyber_structural_25_75,0.7243,0.5404,0.8427,0.1343,0.0354,0.2971
2b_reference,base,damaged_q3,q2_structural_amplifier,0.8607,0.4489,0.9063,0.1037,0.2761,0.3375
2b_reference,base,damaged_q3,routed_tri_structural_60,0.8364,0.5966,0.9126,0.1202,0.0461,0.2986
2b_reference,base,damaged_q3,routed_tri_structural_65,0.8507,0.6104,0.9196,0.1113,0.047,0.2982
2b_reference,base,damaged_q3,stability_first_tri_70,0.8557,0.6145,0.9216,0.1109,0.0346,0.2943
2b_reference,base,damaged_q4,cognitive_structural_25_75,0.8927,0.6768,0.941,0.0811,0.0209,0.2546
2b_reference,base,damaged_q4,cyber_structural_25_75,0.8686,0.6704,0.9302,0.0941,0.0312,0.2384
2b_reference,base,damaged_q4,q2_structural_amplifier,0.8898,0.4966,0.9199,0.082,0.2823,0.2673
2b_reference,base,damaged_q4,routed_tri_structural_60,0.8954,0.6752,0.9434,0.0855,0.0437,0.2402
2b_reference,base,damaged_q4,routed_tri_structural_65,0.9012,0.6789,0.946,0.0795,0.045,0.2311
2b_reference,base,damaged_q4,stability_first_tri_70,0.9041,0.675,0.9462,0.0761,0.0405,0.2473
2b_reference,base,healthy_q6,cognitive_structural_25_75,0.9239,0.7498,0.9564,0.058,0.0209,0.1857
2b_reference,base,healthy_q6,cyber_structural_25_75,0.927,0.7604,0.9581,0.0555,0.0323,0.1686
2b_reference,base,healthy_q6,q2_structural_amplifier,0.9014,0.5352,0.9276,0.067,0.2834,0.2164
2b_reference,base,healthy_q6,routed_tri_structural_60,0.9286,0.7479,0.9582,0.0546,0.0446,0.1723
2b_reference,base,healthy_q6,routed_tri_structural_65,0.9293,0.7512,0.9577,0.0557,0.0409,0.1718
2b_reference,base,healthy_q6,stability_first_tri_70,0.9343,0.7521,0.9606,0.0514,0.0425,0.1745
2b_reference,base,healthy_q8,cognitive_structural_25_75,0.9461,0.7961,0.9654,0.0362,0.0214,0.15
2b_reference,base,healthy_q8,cyber_structural_25_75,0.9464,0.7896,0.9656,0.038,0.0334,0.1482
2b_reference,base,healthy_q8,q2_structural_amplifier,0.9118,0.5482,0.9309,0.06,0.2827,0.1941
2b_reference,base,healthy_q8,routed_tri_structural_60,0.9446,0.7741,0.9645,0.0395,0.0455,0.1545
2b_reference,base,healthy_q8,routed_tri_structural_65,0.9479,0.7832,0.9662,0.0359,0.0448,0.1448
2b_reference,base,healthy_q8,stability_first_tri_70,0.9455,0.7904,0.9661,0.0379,0.0386,0.1398
2b_reference,degraded_instruct,collapsed_q2_edge,cognitive_structural_25_75,0.0548,0.0402,0.2483,0.5045,0.0236,0.5864
2b_reference,degraded_instruct,collapsed_q2_edge,cyber_structural_25_75,0.0634,0.0477,0.2584,0.5,0.0361,0.5516
2b_reference,degraded_instruct,collapsed_q2_edge,q2_structural_amplifier,0.4284,0.2198,0.6463,0.2434,0.2896,0.5425
2b_reference,degraded_instruct,collapsed_q2_edge,routed_tri_structural_60,0.1086,0.0764,0.3313,0.4418,0.0471,0.5573
2b_reference,degraded_instruct,collapsed_q2_edge,routed_tri_structural_65,0.1316,0.0927,0.3697,0.41,0.0466,0.5552
2b_reference,degraded_instruct,collapsed_q2_edge,stability_first_tri_70,0.1382,0.1011,0.3893,0.4014,0.0448,0.55
2b_reference,degraded_instruct,damaged_q2,cognitive_structural_25_75,0.203,0.1511,0.4777,0.3,0.0223,0.4871
2b_reference,degraded_instruct,damaged_q2,cyber_structural_25_75,0.2443,0.173,0.504,0.2989,0.0366,0.4716
2b_reference,degraded_instruct,damaged_q2,q2_structural_amplifier,0.6971,0.3446,0.8179,0.1582,0.2914,0.4579
2b_reference,degraded_instruct,damaged_q2,routed_tri_structural_60,0.325,0.2295,0.5882,0.26,0.0498,0.4705
2b_reference,degraded_instruct,damaged_q2,routed_tri_structural_65,0.3732,0.2548,0.6214,0.2432,0.0489,0.4627
2b_reference,degraded_instruct,damaged_q2,stability_first_tri_70,0.4089,0.2812,0.6492,0.235,0.043,0.4639
2b_reference,degraded_instruct,damaged_q3,cognitive_structural_25_75,0.7284,0.5327,0.8446,0.1334,0.0232,0.3357
2b_reference,degraded_instruct,damaged_q3,cyber_structural_25_75,0.7171,0.53,0.8378,0.1355,0.0407,0.3084
2b_reference,degraded_instruct,damaged_q3,q2_structural_amplifier,0.8552,0.4504,0.903,0.1077,0.2843,0.3352
2b_reference,degraded_instruct,damaged_q3,routed_tri_structural_60,0.8177,0.5721,0.8985,0.1143,0.0489,0.3109
2b_reference,degraded_instruct,damaged_q3,routed_tri_structural_65,0.8255,0.5902,0.9054,0.122,0.0512,0.2927
2b_reference,degraded_instruct,damaged_q3,stability_first_tri_70,0.8473,0.5977,0.9159,0.1089,0.0454,0.3104
2b_reference,degraded_instruct,damaged_q4,cognitive_structural_25_75,0.882,0.6714,0.9366,0.0909,0.0243,0.2516
2b_reference,degraded_instruct,damaged_q4,cyber_structural_25_75,0.8812,0.668,0.9323,0.0777,0.0371,0.2448
2b_reference,degraded_instruct,damaged_q4,q2_structural_amplifier,0.8841,0.4886,0.9177,0.088,0.2796,0.2804
2b_reference,degraded_instruct,damaged_q4,routed_tri_structural_60,0.8973,0.6673,0.9436,0.0813,0.0514,0.2416
2b_reference,degraded_instruct,damaged_q4,routed_tri_structural_65,0.9009,0.6793,0.945,0.0807,0.0482,0.2355
2b_reference,degraded_instruct,damaged_q4,stability_first_tri_70,0.9045,0.6759,0.9467,0.078,0.0475,0.2384
2b_reference,degraded_instruct,healthy_q6,cognitive_structural_25_75,0.9289,0.7484,0.9572,0.0541,0.0245,0.1882
2b_reference,degraded_instruct,healthy_q6,cyber_structural_25_75,0.9291,0.7575,0.9583,0.0575,0.0329,0.1734
2b_reference,degraded_instruct,healthy_q6,q2_structural_amplifier,0.9154,0.527,0.9302,0.0605,0.2943,0.2134
2b_reference,degraded_instruct,healthy_q6,routed_tri_structural_60,0.9261,0.7343,0.9574,0.0555,0.0532,0.1823
2b_reference,degraded_instruct,healthy_q6,routed_tri_structural_65,0.9255,0.7384,0.9567,0.0546,0.0484,0.1787
2b_reference,degraded_instruct,healthy_q6,stability_first_tri_70,0.9296,0.738,0.9579,0.0518,0.0455,0.1811
2b_reference,degraded_instruct,healthy_q8,cognitive_structural_25_75,0.9496,0.7945,0.9666,0.0341,0.0255,0.1548
2b_reference,degraded_instruct,healthy_q8,cyber_structural_25_75,0.9507,0.7927,0.9674,0.0362,0.0345,0.1479
2b_reference,degraded_instruct,healthy_q8,q2_structural_amplifier,0.9038,0.5291,0.9272,0.0614,0.2961,0.2082
2b_reference,degraded_instruct,healthy_q8,routed_tri_structural_60,0.9454,0.7711,0.9645,0.0368,0.0498,0.1543
2b_reference,degraded_instruct,healthy_q8,routed_tri_structural_65,0.9505,0.7739,0.9664,0.0321,0.0539,0.1505
2b_reference,degraded_instruct,healthy_q8,stability_first_tri_70,0.9482,0.7782,0.9657,0.0361,0.0413,0.1598
2b_reference,instruct,collapsed_q2_edge,cognitive_structural_25_75,0.0377,0.0309,0.2042,0.5487,0.0189,0.6
2b_reference,instruct,collapsed_q2_edge,cyber_structural_25_75,0.0512,0.0375,0.2205,0.5393,0.0257,0.5487
2b_reference,instruct,collapsed_q2_edge,q2_structural_amplifier,0.3082,0.1648,0.5569,0.2859,0.2645,0.575
2b_reference,instruct,collapsed_q2_edge,routed_tri_structural_60,0.0677,0.048,0.2691,0.4813,0.0409,0.5814
2b_reference,instruct,collapsed_q2_edge,routed_tri_structural_65,0.0795,0.0557,0.2907,0.468,0.0404,0.5804
2b_reference,instruct,collapsed_q2_edge,stability_first_tri_70,0.1013,0.0755,0.3242,0.4387,0.0355,0.5555
2b_reference,instruct,damaged_q2,cognitive_structural_25_75,0.1586,0.1187,0.4202,0.3296,0.0159,0.5118
2b_reference,instruct,damaged_q2,cyber_structural_25_75,0.1846,0.1389,0.4465,0.3198,0.0295,0.4696
2b_reference,instruct,damaged_q2,q2_structural_amplifier,0.6004,0.3045,0.762,0.1721,0.2743,0.4875
2b_reference,instruct,damaged_q2,routed_tri_structural_60,0.2425,0.1691,0.5089,0.2893,0.0452,0.485
2b_reference,instruct,damaged_q2,routed_tri_structural_65,0.2748,0.1968,0.5342,0.2843,0.0395,0.4612
2b_reference,instruct,damaged_q2,stability_first_tri_70,0.3177,0.223,0.5755,0.2555,0.0327,0.4795
2b_reference,instruct,damaged_q3,cognitive_structural_25_75,0.6332,0.4809,0.7892,0.1475,0.0177,0.3259
2b_reference,instruct,damaged_q3,cyber_structural_25_75,0.6634,0.4959,0.804,0.1364,0.0279,0.3252
2b_reference,instruct,damaged_q3,q2_structural_amplifier,0.8295,0.4402,0.8908,0.115,0.2727,0.3468
2b_reference,instruct,damaged_q3,routed_tri_structural_60,0.7414,0.5316,0.8543,0.1384,0.0423,0.3246
2b_reference,instruct,damaged_q3,routed_tri_structural_65,0.7786,0.5537,0.8713,0.1216,0.0411,0.3284
2b_reference,instruct,damaged_q3,stability_first_tri_70,0.8073,0.5739,0.8914,0.1191,0.0323,0.3243
2b_reference,instruct,damaged_q4,cognitive_structural_25_75,0.8591,0.6504,0.9225,0.0946,0.0225,0.2623
2b_reference,instruct,damaged_q4,cyber_structural_25_75,0.8486,0.6668,0.9127,0.0936,0.0243,0.2332
2b_reference,instruct,damaged_q4,q2_structural_amplifier,0.8761,0.4795,0.9145,0.0932,0.2761,0.2916
2b_reference,instruct,damaged_q4,routed_tri_structural_60,0.885,0.6684,0.9365,0.088,0.0386,0.2532
2b_reference,instruct,damaged_q4,routed_tri_structural_65,0.8884,0.6641,0.9391,0.0818,0.0391,0.2523
2b_reference,instruct,damaged_q4,stability_first_tri_70,0.8871,0.6707,0.9396,0.087,0.0386,0.252
2b_reference,instruct,healthy_q6,cognitive_structural_25_75,0.9264,0.7473,0.9556,0.0541,0.0161,0.1988
2b_reference,instruct,healthy_q6,cyber_structural_25_75,0.922,0.7432,0.9554,0.0616,0.0243,0.1893
2b_reference,instruct,healthy_q6,q2_structural_amplifier,0.9025,0.5243,0.9262,0.0691,0.2762,0.2359
2b_reference,instruct,healthy_q6,routed_tri_structural_60,0.9273,0.7357,0.957,0.0586,0.0371,0.19
2b_reference,instruct,healthy_q6,routed_tri_structural_65,0.9236,0.7352,0.9553,0.0577,0.037,0.1913
2b_reference,instruct,healthy_q6,stability_first_tri_70,0.923,0.7538,0.9568,0.0604,0.0368,0.1695
2b_reference,instruct,healthy_q8,cognitive_structural_25_75,0.9391,0.7889,0.9628,0.0439,0.018,0.1602
2b_reference,instruct,healthy_q8,cyber_structural_25_75,0.9407,0.787,0.9629,0.0441,0.0254,0.1582
2b_reference,instruct,healthy_q8,q2_structural_amplifier,0.9148,0.5577,0.9322,0.0557,0.2666,0.2064
2b_reference,instruct,healthy_q8,routed_tri_structural_60,0.9418,0.7702,0.9634,0.0418,0.0396,0.1655
2b_reference,instruct,healthy_q8,routed_tri_structural_65,0.9479,0.7791,0.9644,0.0373,0.0393,0.1559
2b_reference,instruct,healthy_q8,stability_first_tri_70,0.9409,0.7714,0.9631,0.0389,0.0318,0.1641
35b_a3b_moe,base,collapsed_q2_edge,cognitive_structural_25_75,0.3143,0.2409,0.5899,0.1889,0.0204,0.3818
35b_a3b_moe,base,collapsed_q2_edge,cyber_structural_25_75,0.3513,0.2555,0.6023,0.1921,0.0361,0.3589
35b_a3b_moe,base,collapsed_q2_edge,q2_structural_amplifier,0.7884,0.4014,0.868,0.1164,0.2907,0.375
35b_a3b_moe,base,collapsed_q2_edge,routed_tri_structural_60,0.4943,0.3607,0.7123,0.1554,0.0489,0.3714
35b_a3b_moe,base,collapsed_q2_edge,routed_tri_structural_65,0.5455,0.4016,0.7369,0.1489,0.0486,0.3475
35b_a3b_moe,base,collapsed_q2_edge,stability_first_tri_70,0.5673,0.4189,0.7526,0.1532,0.0395,0.3532
35b_a3b_moe,base,damaged_q2,cognitive_structural_25_75,0.6663,0.503,0.8121,0.1212,0.0173,0.313
35b_a3b_moe,base,damaged_q2,cyber_structural_25_75,0.6675,0.502,0.806,0.1184,0.0288,0.3029
35b_a3b_moe,base,damaged_q2,q2_structural_amplifier,0.87,0.4561,0.9094,0.0938,0.2812,0.3287
35b_a3b_moe,base,damaged_q2,routed_tri_structural_60,0.8193,0.5945,0.8964,0.102,0.0452,0.3046
35b_a3b_moe,base,damaged_q2,routed_tri_structural_65,0.8405,0.6011,0.9067,0.0932,0.0427,0.3048
35b_a3b_moe,base,damaged_q2,stability_first_tri_70,0.8525,0.6107,0.9147,0.0941,0.0395,0.3077
35b_a3b_moe,base,damaged_q3,cognitive_structural_25_75,0.9186,0.7254,0.9533,0.0611,0.0216,0.2134
35b_a3b_moe,base,damaged_q3,cyber_structural_25_75,0.91,0.7196,0.9505,0.0675,0.0368,0.2013
35b_a3b_moe,base,damaged_q3,q2_structural_amplifier,0.9004,0.512,0.9237,0.0725,0.2848,0.2416
35b_a3b_moe,base,damaged_q3,routed_tri_structural_60,0.9168,0.7011,0.9516,0.0643,0.0434,0.2205
35b_a3b_moe,base,damaged_q3,routed_tri_structural_65,0.9248,0.7177,0.9549,0.0579,0.0464,0.2068
35b_a3b_moe,base,damaged_q3,stability_first_tri_70,0.922,0.7179,0.9538,0.0596,0.0423,0.2016
35b_a3b_moe,base,damaged_q4,cognitive_structural_25_75,0.9413,0.7682,0.9625,0.0432,0.0218,0.1795
35b_a3b_moe,base,damaged_q4,cyber_structural_25_75,0.9409,0.7811,0.9644,0.0418,0.0325,0.1541
35b_a3b_moe,base,damaged_q4,q2_structural_amplifier,0.9148,0.545,0.9308,0.0568,0.2754,0.218
35b_a3b_moe,base,damaged_q4,routed_tri_structural_60,0.9377,0.7545,0.9609,0.0498,0.0475,0.1698
35b_a3b_moe,base,damaged_q4,routed_tri_structural_65,0.935,0.7512,0.9608,0.0461,0.0493,0.1721
35b_a3b_moe,base,damaged_q4,stability_first_tri_70,0.9439,0.7641,0.9622,0.0398,0.0366,0.172
35b_a3b_moe,base,healthy_q6,cognitive_structural_25_75,0.947,0.8127,0.966,0.0371,0.0236,0.1327
35b_a3b_moe,base,healthy_q6,cyber_structural_25_75,0.9523,0.8114,0.9691,0.0323,0.035,0.1257
35b_a3b_moe,base,healthy_q6,q2_structural_amplifier,0.9204,0.5579,0.9342,0.0498,0.2789,0.1884
35b_a3b_moe,base,healthy_q6,routed_tri_structural_60,0.9555,0.8014,0.9688,0.0291,0.0425,0.1321
35b_a3b_moe,base,healthy_q6,routed_tri_structural_65,0.9521,0.7966,0.9685,0.0314,0.0432,0.1346
35b_a3b_moe,base,healthy_q6,stability_first_tri_70,0.9543,0.812,0.9686,0.0293,0.0371,0.1234
35b_a3b_moe,base,healthy_q8,cognitive_structural_25_75,0.9623,0.8461,0.9724,0.0239,0.0216,0.1084
35b_a3b_moe,base,healthy_q8,cyber_structural_25_75,0.9627,0.8298,0.972,0.0225,0.0307,0.118
35b_a3b_moe,base,healthy_q8,q2_structural_amplifier,0.9295,0.5732,0.9386,0.0441,0.2925,0.16
35b_a3b_moe,base,healthy_q8,routed_tri_structural_60,0.9645,0.8175,0.9728,0.0216,0.0504,0.1146
35b_a3b_moe,base,healthy_q8,routed_tri_structural_65,0.9614,0.8189,0.9721,0.0209,0.0466,0.1152
35b_a3b_moe,base,healthy_q8,stability_first_tri_70,0.9605,0.8313,0.9724,0.0232,0.0413,0.1057
35b_a3b_moe,degraded_instruct,collapsed_q2_edge,cognitive_structural_25_75,0.2961,0.2305,0.5724,0.202,0.0241,0.3736
35b_a3b_moe,degraded_instruct,collapsed_q2_edge,cyber_structural_25_75,0.3404,0.2504,0.5977,0.1859,0.0418,0.3638
35b_a3b_moe,degraded_instruct,collapsed_q2_edge,q2_structural_amplifier,0.7695,0.3979,0.859,0.1175,0.2871,0.3916
35b_a3b_moe,degraded_instruct,collapsed_q2_edge,routed_tri_structural_60,0.4498,0.3273,0.6794,0.173,0.0516,0.3655
35b_a3b_moe,degraded_instruct,collapsed_q2_edge,routed_tri_structural_65,0.5057,0.3668,0.7108,0.1561,0.0507,0.3695
35b_a3b_moe,degraded_instruct,collapsed_q2_edge,stability_first_tri_70,0.5436,0.403,0.7372,0.148,0.0409,0.3579
35b_a3b_moe,degraded_instruct,damaged_q2,cognitive_structural_25_75,0.643,0.4893,0.7982,0.1164,0.0211,0.3221
35b_a3b_moe,degraded_instruct,damaged_q2,cyber_structural_25_75,0.65,0.4889,0.7981,0.1173,0.0352,0.2932
35b_a3b_moe,degraded_instruct,damaged_q2,q2_structural_amplifier,0.868,0.4557,0.9066,0.0932,0.2823,0.3311
35b_a3b_moe,degraded_instruct,damaged_q2,routed_tri_structural_60,0.7675,0.5505,0.8677,0.1073,0.048,0.3166
35b_a3b_moe,degraded_instruct,damaged_q2,routed_tri_structural_65,0.8155,0.5861,0.8904,0.0934,0.0471,0.3111
35b_a3b_moe,degraded_instruct,damaged_q2,stability_first_tri_70,0.8375,0.6023,0.9051,0.0954,0.0409,0.3007
35b_a3b_moe,degraded_instruct,damaged_q3,cognitive_structural_25_75,0.9177,0.7166,0.9516,0.0627,0.0261,0.2259
35b_a3b_moe,degraded_instruct,damaged_q3,cyber_structural_25_75,0.9205,0.7229,0.952,0.0612,0.0373,0.2043
35b_a3b_moe,degraded_instruct,damaged_q3,q2_structural_amplifier,0.8966,0.4918,0.9217,0.0754,0.298,0.2498
35b_a3b_moe,degraded_instruct,damaged_q3,routed_tri_structural_60,0.92,0.7089,0.9526,0.0629,0.0482,0.2123
35b_a3b_moe,degraded_instruct,damaged_q3,routed_tri_structural_65,0.9213,0.7093,0.9532,0.0646,0.0484,0.2161
35b_a3b_moe,degraded_instruct,damaged_q3,stability_first_tri_70,0.9213,0.7134,0.9529,0.0579,0.0434,0.2148
35b_a3b_moe,degraded_instruct,damaged_q4,cognitive_structural_25_75,0.9343,0.7579,0.9599,0.0473,0.0252,0.1839
35b_a3b_moe,degraded_instruct,damaged_q4,cyber_structural_25_75,0.9371,0.7586,0.9617,0.047,0.0384,0.1711
35b_a3b_moe,degraded_instruct,damaged_q4,q2_structural_amplifier,0.9045,0.518,0.9274,0.0612,0.2891,0.225
35b_a3b_moe,degraded_instruct,damaged_q4,routed_tri_structural_60,0.9307,0.7402,0.9584,0.0516,0.0512,0.1777
35b_a3b_moe,degraded_instruct,damaged_q4,routed_tri_structural_65,0.9423,0.7621,0.9625,0.0434,0.0432,0.1704
35b_a3b_moe,degraded_instruct,damaged_q4,stability_first_tri_70,0.9339,0.7462,0.9601,0.0498,0.0488,0.1739
35b_a3b_moe,degraded_instruct,healthy_q6,cognitive_structural_25_75,0.9502,0.8104,0.968,0.0352,0.0234,0.1343
35b_a3b_moe,degraded_instruct,healthy_q6,cyber_structural_25_75,0.95,0.8087,0.968,0.0354,0.0343,0.1313
35b_a3b_moe,degraded_instruct,healthy_q6,q2_structural_amplifier,0.9182,0.545,0.9324,0.0507,0.2934,0.1882
35b_a3b_moe,degraded_instruct,healthy_q6,routed_tri_structural_60,0.9536,0.7859,0.9684,0.0323,0.0534,0.1373
35b_a3b_moe,degraded_instruct,healthy_q6,routed_tri_structural_65,0.9525,0.7846,0.9679,0.0314,0.0516,0.1409
35b_a3b_moe,degraded_instruct,healthy_q6,stability_first_tri_70,0.9529,0.7971,0.9684,0.0295,0.0471,0.1334
35b_a3b_moe,degraded_instruct,healthy_q8,cognitive_structural_25_75,0.962,0.8375,0.9729,0.0214,0.0271,0.1125
35b_a3b_moe,degraded_instruct,healthy_q8,cyber_structural_25_75,0.9637,0.8305,0.9722,0.02,0.0348,0.115
35b_a3b_moe,degraded_instruct,healthy_q8,q2_structural_amplifier,0.9223,0.5643,0.9367,0.048,0.2814,0.1746
35b_a3b_moe,degraded_instruct,healthy_q8,routed_tri_structural_60,0.9611,0.8129,0.9717,0.0246,0.0491,0.122
35b_a3b_moe,degraded_instruct,healthy_q8,routed_tri_structural_65,0.9593,0.8116,0.9718,0.0259,0.0507,0.1157
35b_a3b_moe,degraded_instruct,healthy_q8,stability_first_tri_70,0.9643,0.8309,0.9732,0.0234,0.0436,0.1077
35b_a3b_moe,instruct,collapsed_q2_edge,cognitive_structural_25_75,0.2418,0.1891,0.5162,0.2114,0.017,0.3809
35b_a3b_moe,instruct,collapsed_q2_edge,cyber_structural_25_75,0.2743,0.2098,0.5409,0.2077,0.025,0.368
35b_a3b_moe,instruct,collapsed_q2_edge,q2_structural_amplifier,0.6861,0.3652,0.8093,0.1327,0.2686,0.4127
35b_a3b_moe,instruct,collapsed_q2_edge,routed_tri_structural_60,0.3409,0.2487,0.5972,0.1895,0.0436,0.3807
35b_a3b_moe,instruct,collapsed_q2_edge,routed_tri_structural_65,0.3839,0.2843,0.6302,0.18,0.0418,0.3738
35b_a3b_moe,instruct,collapsed_q2_edge,stability_first_tri_70,0.4248,0.3161,0.6651,0.1741,0.0343,0.3782
35b_a3b_moe,instruct,damaged_q2,cognitive_structural_25_75,0.5475,0.4163,0.7413,0.1309,0.0225,0.3336
35b_a3b_moe,instruct,damaged_q2,cyber_structural_25_75,0.5571,0.4186,0.7493,0.1389,0.0264,0.3107
35b_a3b_moe,instruct,damaged_q2,q2_structural_amplifier,0.8339,0.4446,0.8908,0.0998,0.2691,0.3588
35b_a3b_moe,instruct,damaged_q2,routed_tri_structural_60,0.6727,0.4964,0.813,0.1248,0.0414,0.3293
35b_a3b_moe,instruct,damaged_q2,routed_tri_structural_65,0.7198,0.5304,0.8386,0.1118,0.0373,0.3146
35b_a3b_moe,instruct,damaged_q2,stability_first_tri_70,0.7629,0.5527,0.8603,0.1087,0.0354,0.3175
35b_a3b_moe,instruct,damaged_q3,cognitive_structural_25_75,0.9066,0.7071,0.9477,0.0732,0.0195,0.2305
35b_a3b_moe,instruct,damaged_q3,cyber_structural_25_75,0.8902,0.69,0.9385,0.0764,0.025,0.2325
35b_a3b_moe,instruct,damaged_q3,q2_structural_amplifier,0.8959,0.4995,0.9225,0.0741,0.2816,0.2616
35b_a3b_moe,instruct,damaged_q3,routed_tri_structural_60,0.9084,0.6982,0.9471,0.0707,0.0414,0.2255
35b_a3b_moe,instruct,damaged_q3,routed_tri_structural_65,0.9137,0.7037,0.9505,0.0682,0.0362,0.2229
35b_a3b_moe,instruct,damaged_q3,stability_first_tri_70,0.9186,0.708,0.952,0.0639,0.0312,0.2232
35b_a3b_moe,instruct,damaged_q4,cognitive_structural_25_75,0.9316,0.7689,0.96,0.0512,0.0173,0.1773
35b_a3b_moe,instruct,damaged_q4,cyber_structural_25_75,0.9313,0.7609,0.9588,0.0496,0.0232,0.178
35b_a3b_moe,instruct,damaged_q4,q2_structural_amplifier,0.9012,0.5227,0.9253,0.0677,0.2877,0.2273
35b_a3b_moe,instruct,damaged_q4,routed_tri_structural_60,0.9361,0.7479,0.9594,0.0475,0.0405,0.185
35b_a3b_moe,instruct,damaged_q4,routed_tri_structural_65,0.937,0.7659,0.9609,0.0432,0.037,0.1723
35b_a3b_moe,instruct,damaged_q4,stability_first_tri_70,0.9377,0.7752,0.961,0.0473,0.0302,0.1636
35b_a3b_moe,instruct,healthy_q6,cognitive_structural_25_75,0.95,0.8177,0.9679,0.0323,0.02,0.1316
35b_a3b_moe,instruct,healthy_q6,cyber_structural_25_75,0.9473,0.81,0.9667,0.0387,0.0252,0.1302
35b_a3b_moe,instruct,healthy_q6,q2_structural_amplifier,0.9186,0.5571,0.934,0.0534,0.2786,0.182
35b_a3b_moe,instruct,healthy_q6,routed_tri_structural_60,0.9546,0.7979,0.9679,0.0295,0.0402,0.1425
35b_a3b_moe,instruct,healthy_q6,routed_tri_structural_65,0.9489,0.8013,0.967,0.035,0.0387,0.1332
35b_a3b_moe,instruct,healthy_q6,stability_first_tri_70,0.9523,0.8164,0.9674,0.0316,0.0298,0.1275
35b_a3b_moe,instruct,healthy_q8,cognitive_structural_25_75,0.9618,0.8286,0.971,0.0232,0.0187,0.1307
35b_a3b_moe,instruct,healthy_q8,cyber_structural_25_75,0.9564,0.8329,0.9701,0.0293,0.02,0.1179
35b_a3b_moe,instruct,healthy_q8,q2_structural_amplifier,0.9236,0.5645,0.9359,0.0454,0.282,0.1789
35b_a3b_moe,instruct,healthy_q8,routed_tri_structural_60,0.9605,0.8146,0.9708,0.0252,0.0425,0.127
35b_a3b_moe,instruct,healthy_q8,routed_tri_structural_65,0.955,0.8116,0.9702,0.0261,0.0407,0.123
35b_a3b_moe,instruct,healthy_q8,stability_first_tri_70,0.9587,0.8189,0.9708,0.0262,0.0359,0.1248
4b,base,collapsed_q2_edge,cognitive_structural_25_75,0.1082,0.0791,0.3486,0.4095,0.0236,0.5463
4b,base,collapsed_q2_edge,cyber_structural_25_75,0.1229,0.0884,0.3605,0.4114,0.0325,0.5052
4b,base,collapsed_q2_edge,q2_structural_amplifier,0.5611,0.283,0.743,0.2009,0.2798,0.4946
4b,base,collapsed_q2_edge,routed_tri_structural_60,0.1988,0.1405,0.4687,0.3346,0.0509,0.5062
4b,base,collapsed_q2_edge,routed_tri_structural_65,0.2207,0.1564,0.4883,0.3302,0.0402,0.5061
4b,base,collapsed_q2_edge,stability_first_tri_70,0.247,0.1729,0.5118,0.3143,0.0437,0.5043
4b,base,damaged_q2,cognitive_structural_25_75,0.3312,0.243,0.5893,0.2414,0.0239,0.46
4b,base,damaged_q2,cyber_structural_25_75,0.3532,0.257,0.6004,0.245,0.0338,0.4175
4b,base,damaged_q2,q2_structural_amplifier,0.7779,0.3837,0.8641,0.1384,0.2777,0.4343
4b,base,damaged_q2,routed_tri_structural_60,0.5121,0.3432,0.713,0.2016,0.0461,0.4511
4b,base,damaged_q2,routed_tri_structural_65,0.5587,0.3812,0.7411,0.19,0.0479,0.4146
4b,base,damaged_q2,stability_first_tri_70,0.5873,0.397,0.7624,0.1809,0.0439,0.4291
4b,base,damaged_q3,cognitive_structural_25_75,0.8464,0.6216,0.9131,0.1045,0.0234,0.2975
4b,base,damaged_q3,cyber_structural_25_75,0.8082,0.5991,0.8923,0.1145,0.0312,0.2877
4b,base,damaged_q3,q2_structural_amplifier,0.8707,0.4746,0.912,0.0979,0.2759,0.2975
4b,base,damaged_q3,routed_tri_structural_60,0.8814,0.6288,0.9362,0.0986,0.0488,0.2834
4b,base,damaged_q3,routed_tri_structural_65,0.883,0.6425,0.9361,0.0936,0.0427,0.2737
4b,base,damaged_q3,stability_first_tri_70,0.8904,0.6495,0.9393,0.0916,0.0402,0.2739
4b,base,damaged_q4,cognitive_structural_25_75,0.9082,0.7143,0.9487,0.0732,0.0196,0.2254
4b,base,damaged_q4,cyber_structural_25_75,0.8946,0.7011,0.944,0.0813,0.0277,0.2196
4b,base,damaged_q4,q2_structural_amplifier,0.8962,0.5132,0.9229,0.0755,0.2723,0.2584
4b,base,damaged_q4,routed_tri_structural_60,0.9023,0.6846,0.9462,0.0809,0.0466,0.2338
4b,base,damaged_q4,routed_tri_structural_65,0.9055,0.6975,0.9477,0.075,0.0461,0.2209
4b,base,damaged_q4,stability_first_tri_70,0.9166,0.7018,0.9512,0.0657,0.0425,0.2246
4b,base,healthy_q6,cognitive_structural_25_75,0.9348,0.7759,0.9605,0.0502,0.0207,0.1686
4b,base,healthy_q6,cyber_structural_25_75,0.9316,0.7795,0.9611,0.0539,0.0318,0.1491
4b,base,healthy_q6,q2_structural_amplifier,0.913,0.5327,0.9298,0.0596,0.2857,0.212
4b,base,healthy_q6,routed_tri_structural_60,0.9291,0.7566,0.9599,0.0527,0.0452,0.1609
4b,base,healthy_q6,routed_tri_structural_65,0.9341,0.7664,0.9607,0.0512,0.0398,0.1573
4b,base,healthy_q6,stability_first_tri_70,0.9355,0.7675,0.9605,0.0489,0.0377,0.1604
4b,base,healthy_q8,cognitive_structural_25_75,0.9457,0.8029,0.9657,0.0346,0.0207,0.1471
4b,base,healthy_q8,cyber_structural_25_75,0.953,0.8068,0.9683,0.0348,0.0305,0.1373
4b,base,healthy_q8,q2_structural_amplifier,0.9121,0.5504,0.9323,0.0563,0.2811,0.1936
4b,base,healthy_q8,routed_tri_structural_60,0.9534,0.7963,0.9685,0.0293,0.0459,0.1332
4b,base,healthy_q8,routed_tri_structural_65,0.95,0.7914,0.9666,0.0325,0.0416,0.1418
4b,base,healthy_q8,stability_first_tri_70,0.9493,0.7973,0.9664,0.0338,0.0387,0.1375
4b,degraded_instruct,collapsed_q2_edge,cognitive_structural_25_75,0.1027,0.0789,0.3344,0.4071,0.0266,0.5439
4b,degraded_instruct,collapsed_q2_edge,cyber_structural_25_75,0.1259,0.0934,0.361,0.4048,0.0327,0.495
4b,degraded_instruct,collapsed_q2_edge,q2_structural_amplifier,0.527,0.2689,0.7188,0.2066,0.2923,0.5
4b,degraded_instruct,collapsed_q2_edge,routed_tri_structural_60,0.1675,0.1152,0.4333,0.3477,0.0543,0.525
4b,degraded_instruct,collapsed_q2_edge,routed_tri_structural_65,0.198,0.14,0.4608,0.337,0.0537,0.5232
4b,degraded_instruct,collapsed_q2_edge,stability_first_tri_70,0.23,0.1625,0.4925,0.3182,0.0495,0.5127
4b,degraded_instruct,damaged_q2,cognitive_structural_25_75,0.3202,0.2318,0.5729,0.2555,0.0238,0.4636
4b,degraded_instruct,damaged_q2,cyber_structural_25_75,0.3509,0.2548,0.5943,0.2495,0.0343,0.4211
4b,degraded_instruct,damaged_q2,q2_structural_amplifier,0.7655,0.3696,0.8569,0.137,0.2863,0.428
4b,degraded_instruct,damaged_q2,routed_tri_structural_60,0.4688,0.318,0.6875,0.2007,0.0554,0.4377
4b,degraded_instruct,damaged_q2,routed_tri_structural_65,0.5036,0.3432,0.7108,0.2032,0.0488,0.4325
4b,degraded_instruct,damaged_q2,stability_first_tri_70,0.5525,0.3814,0.7391,0.188,0.0477,0.4232
4b,degraded_instruct,damaged_q3,cognitive_structural_25_75,0.8227,0.5973,0.9003,0.1104,0.025,0.3096
4b,degraded_instruct,damaged_q3,cyber_structural_25_75,0.8071,0.6032,0.8898,0.1143,0.0357,0.2782
4b,degraded_instruct,damaged_q3,q2_structural_amplifier,0.8661,0.4543,0.9083,0.1011,0.2814,0.3284
4b,degraded_instruct,damaged_q3,routed_tri_structural_60,0.8679,0.6114,0.9279,0.0993,0.0561,0.2968
4b,degraded_instruct,damaged_q3,routed_tri_structural_65,0.8729,0.628,0.9305,0.0964,0.0534,0.28
4b,degraded_instruct,damaged_q3,stability_first_tri_70,0.8771,0.632,0.9352,0.0957,0.0477,0.278
4b,degraded_instruct,damaged_q4,cognitive_structural_25_75,0.913,0.7032,0.9486,0.0711,0.0262,0.2416
4b,degraded_instruct,damaged_q4,cyber_structural_25_75,0.8993,0.7002,0.9442,0.0761,0.0413,0.2166
4b,degraded_instruct,damaged_q4,q2_structural_amplifier,0.8848,0.483,0.9185,0.0809,0.2943,0.2671
4b,degraded_instruct,damaged_q4,routed_tri_structural_60,0.9086,0.6784,0.948,0.0732,0.0525,0.2411
4b,degraded_instruct,damaged_q4,routed_tri_structural_65,0.91,0.6846,0.9481,0.0689,0.0462,0.2377
4b,degraded_instruct,damaged_q4,stability_first_tri_70,0.9068,0.6964,0.9492,0.0729,0.0459,0.2211
4b,degraded_instruct,healthy_q6,cognitive_structural_25_75,0.9282,0.7616,0.9581,0.0525,0.0266,0.175
4b,degraded_instruct,healthy_q6,cyber_structural_25_75,0.9307,0.7625,0.9592,0.052,0.0311,0.17
4b,degraded_instruct,healthy_q6,q2_structural_amplifier,0.9105,0.5296,0.9286,0.0598,0.2966,0.2188
4b,degraded_instruct,healthy_q6,routed_tri_structural_60,0.937,0.7473,0.9613,0.0457,0.0507,0.1737
4b,degraded_instruct,healthy_q6,routed_tri_structural_65,0.9366,0.7555,0.9614,0.0466,0.048,0.1677
4b,degraded_instruct,healthy_q6,stability_first_tri_70,0.9325,0.7564,0.9604,0.0495,0.0443,0.1632
4b,degraded_instruct,healthy_q8,cognitive_structural_25_75,0.9532,0.7987,0.9668,0.0341,0.0246,0.1504
4b,degraded_instruct,healthy_q8,cyber_structural_25_75,0.9545,0.8037,0.9685,0.0327,0.0402,0.1329
4b,degraded_instruct,healthy_q8,q2_structural_amplifier,0.9182,0.5589,0.9335,0.0536,0.2721,0.1961
4b,degraded_instruct,healthy_q8,routed_tri_structural_60,0.9471,0.7757,0.9658,0.0338,0.0579,0.1457
4b,degraded_instruct,healthy_q8,routed_tri_structural_65,0.9532,0.7796,0.9668,0.0318,0.0525,0.1493
4b,degraded_instruct,healthy_q8,stability_first_tri_70,0.9516,0.788,0.9671,0.0339,0.0439,0.147
4b,instruct,collapsed_q2_edge,cognitive_structural_25_75,0.0716,0.0527,0.28,0.4391,0.0202,0.5575
4b,instruct,collapsed_q2_edge,cyber_structural_25_75,0.0789,0.057,0.2928,0.4459,0.028,0.5296
4b,instruct,collapsed_q2_edge,q2_structural_amplifier,0.4163,0.2193,0.6385,0.2332,0.2691,0.5323
4b,instruct,collapsed_q2_edge,routed_tri_structural_60,0.1163,0.0838,0.3585,0.393,0.0391,0.5464
4b,instruct,collapsed_q2_edge,routed_tri_structural_65,0.1386,0.0995,0.3855,0.3764,0.0382,0.5341
4b,instruct,collapsed_q2_edge,stability_first_tri_70,0.1723,0.1241,0.424,0.3484,0.0361,0.5343
4b,instruct,damaged_q2,cognitive_structural_25_75,0.2525,0.1871,0.5183,0.2775,0.0171,0.4525
4b,instruct,damaged_q2,cyber_structural_25_75,0.2795,0.2005,0.5362,0.2666,0.0223,0.4313
4b,instruct,damaged_q2,q2_structural_amplifier,0.6854,0.343,0.8119,0.168,0.2782,0.4614
4b,instruct,damaged_q2,routed_tri_structural_60,0.3455,0.2387,0.6024,0.2368,0.0455,0.4443
4b,instruct,damaged_q2,routed_tri_structural_65,0.392,0.2787,0.6357,0.2257,0.0361,0.4427
4b,instruct,damaged_q2,stability_first_tri_70,0.445,0.3166,0.6689,0.2071,0.035,0.4359
4b,instruct,damaged_q3,cognitive_structural_25_75,0.7584,0.5666,0.8615,0.1236,0.0187,0.303
4b,instruct,damaged_q3,cyber_structural_25_75,0.7577,0.5675,0.8599,0.1164,0.0236,0.2982
4b,instruct,damaged_q3,q2_structural_amplifier,0.8473,0.4511,0.901,0.1125,0.2754,0.3373
4b,instruct,damaged_q3,routed_tri_structural_60,0.8323,0.5964,0.906,0.1057,0.0389,0.3132
4b,instruct,damaged_q3,routed_tri_structural_65,0.8361,0.6091,0.9107,0.105,0.0375,0.293
4b,instruct,damaged_q3,stability_first_tri_70,0.845,0.6139,0.9173,0.1062,0.0361,0.2964
4b,instruct,damaged_q4,cognitive_structural_25_75,0.8955,0.6855,0.942,0.0764,0.0189,0.2525
4b,instruct,damaged_q4,cyber_structural_25_75,0.8832,0.6873,0.9362,0.0825,0.0286,0.2263
4b,instruct,damaged_q4,q2_structural_amplifier,0.8802,0.5071,0.9188,0.0866,0.2609,0.2714
4b,instruct,damaged_q4,routed_tri_structural_60,0.9007,0.6773,0.944,0.0793,0.0429,0.2484
4b,instruct,damaged_q4,routed_tri_structural_65,0.9057,0.682,0.9456,0.0746,0.0407,0.2448
4b,instruct,damaged_q4,stability_first_tri_70,0.9079,0.6916,0.9486,0.077,0.0316,0.2427
4b,instruct,healthy_q6,cognitive_structural_25_75,0.928,0.7612,0.9571,0.0546,0.0184,0.1807
4b,instruct,healthy_q6,cyber_structural_25_75,0.9245,0.758,0.9572,0.0587,0.0268,0.173
4b,instruct,healthy_q6,q2_structural_amplifier,0.9064,0.5366,0.9287,0.0675,0.2691,0.2254
4b,instruct,healthy_q6,routed_tri_structural_60,0.9339,0.753,0.9593,0.0504,0.0391,0.1782
4b,instruct,healthy_q6,routed_tri_structural_65,0.93,0.7523,0.9586,0.0529,0.042,0.1707
4b,instruct,healthy_q6,stability_first_tri_70,0.9346,0.7661,0.9616,0.0459,0.0345,0.1684
4b,instruct,healthy_q8,cognitive_structural_25_75,0.948,0.8002,0.9655,0.0361,0.0184,0.1527
4b,instruct,healthy_q8,cyber_structural_25_75,0.9446,0.7991,0.9656,0.0352,0.0243,0.1466
4b,instruct,healthy_q8,q2_structural_amplifier,0.9134,0.5561,0.9326,0.0591,0.2661,0.1973
4b,instruct,healthy_q8,routed_tri_structural_60,0.9425,0.7779,0.963,0.0389,0.043,0.1487
4b,instruct,healthy_q8,routed_tri_structural_65,0.948,0.7857,0.9663,0.0343,0.04,0.1496
4b,instruct,healthy_q8,stability_first_tri_70,0.9502,0.7891,0.9666,0.0348,0.0345,0.1502
9b,base,collapsed_q2_edge,cognitive_structural_25_75,0.1704,0.1279,0.4415,0.3171,0.0209,0.4968
9b,base,collapsed_q2_edge,cyber_structural_25_75,0.2007,0.1514,0.4603,0.3061,0.0291,0.4559
9b,base,collapsed_q2_edge,q2_structural_amplifier,0.6727,0.3395,0.806,0.1638,0.2823,0.4436
9b,base,collapsed_q2_edge,routed_tri_structural_60,0.3143,0.218,0.5772,0.255,0.045,0.4805
9b,base,collapsed_q2_edge,routed_tri_structural_65,0.3359,0.2382,0.5924,0.2523,0.0457,0.4532
9b,base,collapsed_q2_edge,stability_first_tri_70,0.367,0.2548,0.614,0.2393,0.0439,0.4611
9b,base,damaged_q2,cognitive_structural_25_75,0.4586,0.3421,0.6857,0.1882,0.02,0.4048
9b,base,damaged_q2,cyber_structural_25_75,0.4845,0.348,0.6968,0.1893,0.03,0.3754
9b,base,damaged_q2,q2_structural_amplifier,0.8254,0.4225,0.8897,0.1243,0.2712,0.3836
9b,base,damaged_q2,routed_tri_structural_60,0.6593,0.458,0.8035,0.1541,0.0445,0.3907
9b,base,damaged_q2,routed_tri_structural_65,0.6773,0.4738,0.8178,0.1521,0.0446,0.3818
9b,base,damaged_q2,stability_first_tri_70,0.7241,0.5005,0.8416,0.138,0.0389,0.3814
9b,base,damaged_q3,cognitive_structural_25_75,0.8711,0.6423,0.931,0.1002,0.0207,0.282
9b,base,damaged_q3,cyber_structural_25_75,0.8677,0.6559,0.9277,0.0925,0.0311,0.2568
9b,base,damaged_q3,q2_structural_amplifier,0.8818,0.4863,0.9166,0.0877,0.2787,0.2864
9b,base,damaged_q3,routed_tri_structural_60,0.8979,0.6664,0.9438,0.0832,0.0446,0.2546
9b,base,damaged_q3,routed_tri_structural_65,0.8962,0.662,0.9433,0.0841,0.0436,0.2564
9b,base,damaged_q3,stability_first_tri_70,0.8996,0.67,0.943,0.0809,0.0427,0.2554
9b,base,damaged_q4,cognitive_structural_25_75,0.9189,0.7295,0.9529,0.0621,0.0187,0.208
9b,base,damaged_q4,cyber_structural_25_75,0.9255,0.7209,0.9544,0.058,0.0302,0.2166
9b,base,damaged_q4,q2_structural_amplifier,0.8902,0.5104,0.9227,0.077,0.2812,0.2373
9b,base,damaged_q4,routed_tri_structural_60,0.9221,0.7084,0.9532,0.06,0.0423,0.2173
9b,base,damaged_q4,routed_tri_structural_65,0.9198,0.7196,0.954,0.0632,0.0425,0.2061
9b,base,damaged_q4,stability_first_tri_70,0.9257,0.7218,0.9543,0.0596,0.04,0.21
9b,base,healthy_q6,cognitive_structural_25_75,0.9396,0.7804,0.9627,0.0414,0.02,0.1688
9b,base,healthy_q6,cyber_structural_25_75,0.9414,0.7802,0.9644,0.0455,0.0327,0.155
9b,base,healthy_q6,q2_structural_amplifier,0.9211,0.5445,0.9329,0.0511,0.2843,0.207
9b,base,healthy_q6,routed_tri_structural_60,0.9454,0.773,0.9645,0.0368,0.0459,0.1584
9b,base,healthy_q6,routed_tri_structural_65,0.9405,0.7698,0.9636,0.0437,0.0511,0.1511
9b,base,healthy_q6,stability_first_tri_70,0.9459,0.782,0.9657,0.0357,0.0395,0.1539
9b,base,healthy_q8,cognitive_structural_25_75,0.9596,0.828,0.9707,0.0257,0.018,0.1298
9b,base,healthy_q8,cyber_structural_25_75,0.9557,0.8154,0.9692,0.0266,0.0329,0.1295
9b,base,healthy_q8,q2_structural_amplifier,0.9209,0.5591,0.935,0.0534,0.283,0.1798
9b,base,healthy_q8,routed_tri_structural_60,0.9563,0.7948,0.9694,0.0284,0.0446,0.1388
9b,base,healthy_q8,routed_tri_structural_65,0.9575,0.8054,0.97,0.0288,0.0429,0.133
9b,base,healthy_q8,stability_first_tri_70,0.9571,0.8098,0.9693,0.0271,0.0405,0.125
9b,degraded_instruct,collapsed_q2_edge,cognitive_structural_25_75,0.1552,0.1138,0.4257,0.3286,0.0227,0.4868
9b,degraded_instruct,collapsed_q2_edge,cyber_structural_25_75,0.1952,0.1445,0.4503,0.3164,0.0346,0.4661
9b,degraded_instruct,collapsed_q2_edge,q2_structural_amplifier,0.6445,0.3196,0.7877,0.1645,0.2952,0.4691
9b,degraded_instruct,collapsed_q2_edge,routed_tri_structural_60,0.2725,0.1886,0.5385,0.2729,0.0498,0.4709
9b,degraded_instruct,collapsed_q2_edge,routed_tri_structural_65,0.2911,0.205,0.5583,0.2673,0.0511,0.4689
9b,degraded_instruct,collapsed_q2_edge,stability_first_tri_70,0.3466,0.2462,0.5915,0.2482,0.0455,0.4527
9b,degraded_instruct,damaged_q2,cognitive_structural_25_75,0.4411,0.3202,0.6744,0.198,0.0288,0.4209
9b,degraded_instruct,damaged_q2,cyber_structural_25_75,0.4695,0.3359,0.6866,0.1913,0.0361,0.3802
9b,degraded_instruct,damaged_q2,q2_structural_amplifier,0.8148,0.4029,0.8802,0.117,0.29,0.4023
9b,degraded_instruct,damaged_q2,routed_tri_structural_60,0.6068,0.4211,0.7764,0.1675,0.0523,0.3946
9b,degraded_instruct,damaged_q2,routed_tri_structural_65,0.6507,0.4554,0.8017,0.1554,0.0527,0.3663
9b,degraded_instruct,damaged_q2,stability_first_tri_70,0.6984,0.4964,0.8273,0.1429,0.0466,0.3604
9b,degraded_instruct,damaged_q3,cognitive_structural_25_75,0.8757,0.653,0.9321,0.0966,0.0257,0.2746
9b,degraded_instruct,damaged_q3,cyber_structural_25_75,0.8539,0.6421,0.9203,0.1027,0.0364,0.2605
9b,degraded_instruct,damaged_q3,q2_structural_amplifier,0.8754,0.463,0.9128,0.09,0.2984,0.2991
9b,degraded_instruct,damaged_q3,routed_tri_structural_60,0.8982,0.6562,0.9438,0.082,0.0525,0.2621
9b,degraded_instruct,damaged_q3,routed_tri_structural_65,0.8961,0.667,0.9425,0.0825,0.0439,0.2589
9b,degraded_instruct,damaged_q3,stability_first_tri_70,0.8923,0.6629,0.9416,0.0879,0.0418,0.2571
9b,degraded_instruct,damaged_q4,cognitive_structural_25_75,0.9193,0.7236,0.9536,0.0639,0.0239,0.2159
9b,degraded_instruct,damaged_q4,cyber_structural_25_75,0.9161,0.7261,0.9528,0.0648,0.0354,0.1973
9b,degraded_instruct,damaged_q4,q2_structural_amplifier,0.8975,0.5025,0.9224,0.072,0.2945,0.2407
9b,degraded_instruct,damaged_q4,routed_tri_structural_60,0.9179,0.7052,0.9521,0.0645,0.053,0.2154
9b,degraded_instruct,damaged_q4,routed_tri_structural_65,0.9205,0.7032,0.954,0.0605,0.0504,0.2148
9b,degraded_instruct,damaged_q4,stability_first_tri_70,0.9257,0.7171,0.9556,0.0545,0.047,0.2102
9b,degraded_instruct,healthy_q6,cognitive_structural_25_75,0.9452,0.7895,0.9649,0.0396,0.0252,0.1584
9b,degraded_instruct,healthy_q6,cyber_structural_25_75,0.9391,0.7796,0.9622,0.0466,0.0348,0.1557
9b,degraded_instruct,healthy_q6,q2_structural_amplifier,0.913,0.543,0.9302,0.0582,0.2827,0.203
9b,degraded_instruct,healthy_q6,routed_tri_structural_60,0.9432,0.7596,0.9648,0.04,0.0548,0.1579
9b,degraded_instruct,healthy_q6,routed_tri_structural_65,0.9416,0.7636,0.9631,0.0445,0.0495,0.1584
9b,degraded_instruct,healthy_q6,stability_first_tri_70,0.9439,0.7745,0.9639,0.0384,0.0486,0.148
9b,degraded_instruct,healthy_q8,cognitive_structural_25_75,0.9529,0.8086,0.9678,0.0307,0.0252,0.14
9b,degraded_instruct,healthy_q8,cyber_structural_25_75,0.9536,0.805,0.9692,0.0316,0.0359,0.133
9b,degraded_instruct,healthy_q8,q2_structural_amplifier,0.9229,0.5379,0.9339,0.0471,0.2998,0.1939
9b,degraded_instruct,healthy_q8,routed_tri_structural_60,0.9463,0.7784,0.9656,0.0366,0.0563,0.1345
9b,degraded_instruct,healthy_q8,routed_tri_structural_65,0.9537,0.7845,0.9688,0.0311,0.0552,0.1414
9b,degraded_instruct,healthy_q8,stability_first_tri_70,0.9536,0.7989,0.9692,0.0282,0.0461,0.1288
9b,instruct,collapsed_q2_edge,cognitive_structural_25_75,0.1163,0.0866,0.3695,0.3568,0.0213,0.5025
9b,instruct,collapsed_q2_edge,cyber_structural_25_75,0.1389,0.1032,0.3904,0.3391,0.0248,0.4755
9b,instruct,collapsed_q2_edge,q2_structural_amplifier,0.535,0.2691,0.7198,0.19,0.2695,0.513
9b,instruct,collapsed_q2_edge,routed_tri_structural_60,0.1866,0.1371,0.4538,0.3091,0.0413,0.4846
9b,instruct,collapsed_q2_edge,routed_tri_structural_65,0.2184,0.1613,0.4888,0.2939,0.0398,0.4927
9b,instruct,collapsed_q2_edge,stability_first_tri_70,0.2486,0.1814,0.5143,0.2936,0.0298,0.4818
9b,instruct,damaged_q2,cognitive_structural_25_75,0.3571,0.2589,0.6092,0.212,0.0193,0.4357
9b,instruct,damaged_q2,cyber_structural_25_75,0.3873,0.2848,0.6299,0.213,0.0255,0.4012
9b,instruct,damaged_q2,q2_structural_amplifier,0.7539,0.3929,0.8515,0.1325,0.268,0.4145
9b,instruct,damaged_q2,routed_tri_structural_60,0.4771,0.3368,0.6944,0.1888,0.0413,0.4148
9b,instruct,damaged_q2,routed_tri_structural_65,0.5288,0.3718,0.724,0.1823,0.0395,0.4025
9b,instruct,damaged_q2,stability_first_tri_70,0.5886,0.422,0.7589,0.167,0.0311,0.3889
9b,instruct,damaged_q3,cognitive_structural_25_75,0.8484,0.6405,0.9156,0.0952,0.0195,0.2843
9b,instruct,damaged_q3,cyber_structural_25_75,0.8307,0.6127,0.9023,0.0959,0.0289,0.2805
9b,instruct,damaged_q3,q2_structural_amplifier,0.8734,0.4838,0.9142,0.0936,0.2591,0.2996
9b,instruct,damaged_q3,routed_tri_structural_60,0.8805,0.6404,0.9333,0.0932,0.0429,0.2716
9b,instruct,damaged_q3,routed_tri_structural_65,0.8791,0.6391,0.9326,0.0905,0.0405,0.2775
9b,instruct,damaged_q3,stability_first_tri_70,0.8895,0.6639,0.9391,0.0893,0.0323,0.2637
9b,instruct,damaged_q4,cognitive_structural_25_75,0.9214,0.7302,0.953,0.0639,0.0204,0.2127
9b,instruct,damaged_q4,cyber_structural_25_75,0.9084,0.7186,0.9494,0.0682,0.0257,0.2096
9b,instruct,damaged_q4,q2_structural_amplifier,0.8909,0.52,0.9232,0.0782,0.2679,0.2471
9b,instruct,damaged_q4,routed_tri_structural_60,0.9054,0.6891,0.9469,0.0737,0.0443,0.2368
9b,instruct,damaged_q4,routed_tri_structural_65,0.9057,0.7079,0.9491,0.0737,0.037,0.2116
9b,instruct,damaged_q4,stability_first_tri_70,0.9193,0.7189,0.9526,0.0638,0.0354,0.2114
9b,instruct,healthy_q6,cognitive_structural_25_75,0.9379,0.7761,0.9616,0.0446,0.0198,0.1691
9b,instruct,healthy_q6,cyber_structural_25_75,0.9384,0.7789,0.9621,0.0446,0.028,0.1613
9b,instruct,healthy_q6,q2_structural_amplifier,0.9046,0.5366,0.9278,0.0661,0.2696,0.2177
9b,instruct,healthy_q6,routed_tri_structural_60,0.9375,0.7645,0.9624,0.0464,0.0352,0.1695
9b,instruct,healthy_q6,routed_tri_structural_65,0.9341,0.7764,0.961,0.0491,0.0387,0.147
9b,instruct,healthy_q6,stability_first_tri_70,0.9437,0.7786,0.9632,0.0407,0.0339,0.1598
9b,instruct,healthy_q8,cognitive_structural_25_75,0.9504,0.8191,0.9683,0.0332,0.0163,0.1359
9b,instruct,healthy_q8,cyber_structural_25_75,0.9486,0.8063,0.9666,0.035,0.0254,0.1368
9b,instruct,healthy_q8,q2_structural_amplifier,0.9207,0.5571,0.9343,0.0539,0.2771,0.1929
9b,instruct,healthy_q8,routed_tri_structural_60,0.9505,0.7866,0.9668,0.0325,0.0407,0.1491
9b,instruct,healthy_q8,routed_tri_structural_65,0.9523,0.7964,0.9675,0.0311,0.0339,0.1459
9b,instruct,healthy_q8,stability_first_tri_70,0.9509,0.7998,0.9676,0.033,0.0389,0.1359
