substrate,quant,stack,pass_lift,clean_pass_lift,score_lift,cascade_delta,echo_delta,distractor_delta
base,collapsed_q2_edge,cog_25_cyb_75,0.0129,0.0101,0.0992,-0.1526,0.0692,-0.1308
base,collapsed_q2_edge,cog_25_str_75,0.0651,0.0498,0.2556,-0.3497,0.009,-0.1526
base,collapsed_q2_edge,cog_40_cyb_60,0.0112,0.0073,0.0967,-0.1471,0.0675,-0.1097
base,collapsed_q2_edge,cog_40_str_60,0.0426,0.0315,0.2068,-0.3057,0.0162,-0.135
base,collapsed_q2_edge,cog_50_cyb_50,0.0068,0.005,0.0894,-0.1416,0.0662,-0.0898
base,collapsed_q2_edge,cog_50_str_50,0.0354,0.0265,0.1804,-0.2686,0.0176,-0.1125
base,collapsed_q2_edge,cog_60_cyb_40,0.0082,0.0051,0.0847,-0.1166,0.0595,-0.0962
base,collapsed_q2_edge,cog_60_str_40,0.0279,0.022,0.1607,-0.2526,0.0259,-0.1058
base,collapsed_q2_edge,cog_75_cyb_25,0.0075,0.0043,0.0783,-0.1191,0.0589,-0.0787
base,collapsed_q2_edge,cog_75_str_25,0.017,0.0107,0.1258,-0.1885,0.0344,-0.0761
base,collapsed_q2_edge,cognitive_only,0.0034,0.0023,0.0478,-0.0705,0.0375,-0.0331
base,collapsed_q2_edge,cyb_25_str_75,0.069,0.0514,0.2641,-0.3413,0.0192,-0.1978
base,collapsed_q2_edge,cyb_40_str_60,0.0559,0.039,0.2276,-0.3129,0.0333,-0.1864
base,collapsed_q2_edge,cyb_50_str_50,0.0484,0.0348,0.2095,-0.2883,0.0451,-0.1934
base,collapsed_q2_edge,cyb_60_str_40,0.0354,0.0243,0.1861,-0.2647,0.0511,-0.19
base,collapsed_q2_edge,cyb_75_str_25,0.0318,0.0245,0.1558,-0.2257,0.0603,-0.1604
base,collapsed_q2_edge,cyber_only,0.0082,0.0059,0.0721,-0.1201,0.0648,-0.1131
base,collapsed_q2_edge,structural_only,0.0417,0.0329,0.1895,-0.2894,0.0006,-0.1461
base,collapsed_q2_edge,tri_boundary_heavy,0.1011,0.0718,0.313,-0.3805,0.0637,-0.1815
base,collapsed_q2_edge,tri_cognitive_bridge,0.0756,0.0534,0.2848,-0.3515,0.0478,-0.1501
base,collapsed_q2_edge,tri_cognitive_heavy,0.0532,0.0379,0.2401,-0.3165,0.0412,-0.1398
base,collapsed_q2_edge,tri_cyber_heavy,0.0782,0.0537,0.2731,-0.3461,0.0669,-0.1834
base,collapsed_q2_edge,tri_equal_routed,0.0567,0.0403,0.2485,-0.3218,0.0512,-0.1642
base,collapsed_q2_edge,tri_naive_equal_all_fire,0.12,0.0637,0.3665,-0.4404,0.3015,-0.1248
base,collapsed_q2_edge,tri_naive_structural_heavy_all_fire,0.347,0.177,0.5803,-0.5658,0.2853,-0.1858
base,collapsed_q2_edge,tri_structural_heavy_55,0.1081,0.0732,0.337,-0.3947,0.0355,-0.1662
base,collapsed_q2_edge,tri_structural_heavy_60,0.1189,0.084,0.3584,-0.4158,0.0317,-0.1929
base,collapsed_q2_edge,tri_structural_heavy_65,0.1443,0.1014,0.3856,-0.4385,0.0361,-0.1839
base,damaged_q2,cog_25_cyb_75,0.0594,0.0397,0.2226,-0.2203,0.0755,-0.0957
base,damaged_q2,cog_25_str_75,0.2269,0.1621,0.4447,-0.3625,0.0091,-0.1308
base,damaged_q2,cog_40_cyb_60,0.0516,0.0372,0.2147,-0.215,0.0642,-0.09
base,damaged_q2,cog_40_str_60,0.1624,0.1221,0.3813,-0.3266,0.0183,-0.1061
base,damaged_q2,cog_50_cyb_50,0.0517,0.0391,0.2117,-0.2111,0.0627,-0.0675
base,damaged_q2,cog_50_str_50,0.1339,0.0989,0.3476,-0.2955,0.0208,-0.0896
base,damaged_q2,cog_60_cyb_40,0.0452,0.0311,0.2077,-0.2001,0.0659,-0.0763
base,damaged_q2,cog_60_str_40,0.1117,0.0794,0.3188,-0.2758,0.0269,-0.0894
base,damaged_q2,cog_75_cyb_25,0.047,0.0322,0.1896,-0.182,0.0495,-0.0416
base,damaged_q2,cog_75_str_25,0.0777,0.0574,0.2654,-0.2462,0.0314,-0.0658
base,damaged_q2,cognitive_only,0.0216,0.0157,0.1214,-0.1294,0.0359,-0.0215
base,damaged_q2,cyb_25_str_75,0.2483,0.1822,0.4527,-0.3576,0.0197,-0.1571
base,damaged_q2,cyb_40_str_60,0.1975,0.1438,0.4072,-0.325,0.0316,-0.1463
base,damaged_q2,cyb_50_str_50,0.1742,0.1208,0.3831,-0.317,0.0438,-0.1582
base,damaged_q2,cyb_60_str_40,0.1455,0.1039,0.3513,-0.2939,0.0519,-0.1504
base,damaged_q2,cyb_75_str_25,0.1206,0.0858,0.3155,-0.2903,0.0659,-0.1447
base,damaged_q2,cyber_only,0.0392,0.0275,0.1671,-0.1806,0.0617,-0.0979
base,damaged_q2,structural_only,0.1664,0.1268,0.364,-0.3173,0.0033,-0.1189
base,damaged_q2,tri_boundary_heavy,0.301,0.206,0.5109,-0.3816,0.0523,-0.1619
base,damaged_q2,tri_cognitive_bridge,0.2619,0.1849,0.4901,-0.367,0.0414,-0.1268
base,damaged_q2,tri_cognitive_heavy,0.1947,0.1338,0.4218,-0.3394,0.045,-0.1064
base,damaged_q2,tri_cyber_heavy,0.2475,0.1686,0.4569,-0.3584,0.0733,-0.1569
base,damaged_q2,tri_equal_routed,0.2174,0.1499,0.4386,-0.3461,0.0577,-0.1254
base,damaged_q2,tri_naive_equal_all_fire,0.3324,0.1725,0.5462,-0.4111,0.3045,-0.075
base,damaged_q2,tri_naive_structural_heavy_all_fire,0.6308,0.3157,0.7311,-0.4756,0.2791,-0.1402
base,damaged_q2,tri_structural_heavy_55,0.3389,0.2371,0.5427,-0.3897,0.0345,-0.1416
base,damaged_q2,tri_structural_heavy_60,0.3656,0.2583,0.5657,-0.3992,0.0333,-0.1454
base,damaged_q2,tri_structural_heavy_65,0.4097,0.2816,0.5929,-0.417,0.0314,-0.1597
base,damaged_q3,cog_25_cyb_75,0.2958,0.2078,0.3477,-0.1106,0.0717,-0.0523
base,damaged_q3,cog_25_str_75,0.6883,0.498,0.5827,-0.1792,0.0122,-0.0448
base,damaged_q3,cog_40_cyb_60,0.2976,0.2153,0.3468,-0.1061,0.0708,-0.037
base,damaged_q3,cog_40_str_60,0.6065,0.4475,0.5394,-0.1656,0.0167,-0.0418
base,damaged_q3,cog_50_cyb_50,0.2774,0.1988,0.348,-0.1028,0.0652,-0.0326
base,damaged_q3,cog_50_str_50,0.5413,0.4055,0.5092,-0.1553,0.0203,-0.0493
base,damaged_q3,cog_60_cyb_40,0.2738,0.1978,0.3456,-0.1084,0.0591,-0.0301
base,damaged_q3,cog_60_str_40,0.4868,0.3603,0.4756,-0.1502,0.0238,-0.0332
base,damaged_q3,cog_75_cyb_25,0.2541,0.1868,0.3326,-0.0942,0.0558,-0.0075
base,damaged_q3,cog_75_str_25,0.3757,0.2822,0.4132,-0.1236,0.0283,-0.0242
base,damaged_q3,cognitive_only,0.1518,0.113,0.2321,-0.0595,0.0363,-0.0001
base,damaged_q3,cyb_25_str_75,0.6621,0.4913,0.5701,-0.1734,0.0222,-0.0811
base,damaged_q3,cyb_40_str_60,0.6022,0.4543,0.5348,-0.17,0.0305,-0.0918
base,damaged_q3,cyb_50_str_50,0.5569,0.4074,0.5119,-0.1617,0.0455,-0.0787
base,damaged_q3,cyb_60_str_40,0.5008,0.3702,0.4741,-0.1503,0.0491,-0.08
base,damaged_q3,cyb_75_str_25,0.4246,0.2991,0.4313,-0.1419,0.0622,-0.0643
base,damaged_q3,cyber_only,0.2169,0.1528,0.2721,-0.0942,0.0686,-0.0297
base,damaged_q3,structural_only,0.5816,0.44,0.5166,-0.162,0.0049,-0.0523
base,damaged_q3,tri_boundary_heavy,0.7243,0.5149,0.6059,-0.185,0.0463,-0.0701
base,damaged_q3,tri_cognitive_bridge,0.7413,0.5178,0.6189,-0.1841,0.0416,-0.0561
base,damaged_q3,tri_cognitive_heavy,0.658,0.4663,0.5722,-0.1775,0.0459,-0.047
base,damaged_q3,tri_cyber_heavy,0.6349,0.4407,0.5587,-0.1698,0.0703,-0.0722
base,damaged_q3,tri_equal_routed,0.674,0.4782,0.5774,-0.1822,0.0514,-0.0572
base,damaged_q3,tri_naive_equal_all_fire,0.7205,0.3403,0.5942,-0.1797,0.308,0.0055
base,damaged_q3,tri_naive_structural_heavy_all_fire,0.7877,0.3914,0.6296,-0.195,0.288,-0.0481
base,damaged_q3,tri_structural_heavy_55,0.7783,0.5422,0.6389,-0.1914,0.0394,-0.0579
base,damaged_q3,tri_structural_heavy_60,0.7783,0.5464,0.6413,-0.1906,0.0308,-0.0729
base,damaged_q3,tri_structural_heavy_65,0.8021,0.5607,0.6513,-0.2073,0.0369,-0.0676
base,damaged_q4,cog_25_cyb_75,0.4556,0.3189,0.3415,-0.0655,0.0799,-0.0344
base,damaged_q4,cog_25_str_75,0.7328,0.5462,0.497,-0.1063,0.0089,-0.0567
base,damaged_q4,cog_40_cyb_60,0.4638,0.329,0.3485,-0.0721,0.0683,-0.0341
base,damaged_q4,cog_40_str_60,0.7222,0.5317,0.4905,-0.0999,0.0161,-0.0413
base,damaged_q4,cog_50_cyb_50,0.4603,0.333,0.3515,-0.0718,0.0627,-0.0346
base,damaged_q4,cog_50_str_50,0.7033,0.5058,0.4776,-0.0975,0.0239,-0.0289
base,damaged_q4,cog_60_cyb_40,0.4491,0.3209,0.3441,-0.069,0.0594,-0.0275
base,damaged_q4,cog_60_str_40,0.6744,0.4909,0.4582,-0.0988,0.0278,-0.036
base,damaged_q4,cog_75_cyb_25,0.4333,0.3154,0.3393,-0.0621,0.0555,-0.0236
base,damaged_q4,cog_75_str_25,0.5825,0.4187,0.4109,-0.084,0.0355,-0.0138
base,damaged_q4,cognitive_only,0.2869,0.2183,0.2537,-0.0475,0.0339,-0.0099
base,damaged_q4,cyb_25_str_75,0.718,0.5401,0.4886,-0.1119,0.0211,-0.0667
base,damaged_q4,cyb_40_str_60,0.7025,0.5225,0.4774,-0.1015,0.0303,-0.0641
base,damaged_q4,cyb_50_str_50,0.663,0.4897,0.4559,-0.0921,0.0405,-0.0569
base,damaged_q4,cyb_60_str_40,0.6392,0.4808,0.4406,-0.0955,0.0472,-0.0702
base,damaged_q4,cyb_75_str_25,0.5827,0.4201,0.4086,-0.0922,0.0669,-0.0563
base,damaged_q4,cyber_only,0.3553,0.2529,0.2782,-0.06,0.0686,-0.0461
base,damaged_q4,structural_only,0.6844,0.5173,0.4685,-0.0974,0.0063,-0.0442
base,damaged_q4,tri_boundary_heavy,0.7347,0.5273,0.4979,-0.1069,0.0528,-0.0669
base,damaged_q4,tri_cognitive_bridge,0.7306,0.5114,0.4953,-0.1061,0.0422,-0.0474
base,damaged_q4,tri_cognitive_heavy,0.7272,0.4983,0.4929,-0.1061,0.0513,-0.0408
base,damaged_q4,tri_cyber_heavy,0.7134,0.4997,0.4867,-0.103,0.0677,-0.0616
base,damaged_q4,tri_equal_routed,0.7155,0.5003,0.4884,-0.0971,0.0546,-0.0467
base,damaged_q4,tri_naive_equal_all_fire,0.697,0.3009,0.4593,-0.0858,0.313,0.0015
base,damaged_q4,tri_naive_structural_heavy_all_fire,0.7177,0.3323,0.4682,-0.1008,0.2907,-0.0139
base,damaged_q4,tri_structural_heavy_55,0.7361,0.5451,0.4997,-0.1107,0.0356,-0.0716
base,damaged_q4,tri_structural_heavy_60,0.7427,0.5372,0.5007,-0.1141,0.0392,-0.0611
base,damaged_q4,tri_structural_heavy_65,0.7403,0.5428,0.5012,-0.1129,0.035,-0.0672
base,healthy_q6,cog_25_cyb_75,0.4549,0.3004,0.2646,-0.0281,0.0745,-0.0094
base,healthy_q6,cog_25_str_75,0.4908,0.3788,0.287,-0.0389,0.0059,-0.0155
base,healthy_q6,cog_40_cyb_60,0.46,0.3122,0.2693,-0.0239,0.0672,-0.0205
base,healthy_q6,cog_40_str_60,0.4904,0.3738,0.2858,-0.0362,0.0114,-0.0147
base,healthy_q6,cog_50_cyb_50,0.4574,0.301,0.2673,-0.0206,0.0657,-0.0055
base,healthy_q6,cog_50_str_50,0.4861,0.3621,0.2832,-0.0359,0.0148,-0.0031
base,healthy_q6,cog_60_cyb_40,0.4583,0.306,0.268,-0.0242,0.059,0.0004
base,healthy_q6,cog_60_str_40,0.4816,0.348,0.2831,-0.0323,0.0278,-0.0085
base,healthy_q6,cog_75_cyb_25,0.4582,0.3099,0.2676,-0.0217,0.0487,-0.0002
base,healthy_q6,cog_75_str_25,0.4769,0.3308,0.279,-0.0273,0.0317,0.0048
base,healthy_q6,cognitive_only,0.3802,0.27,0.2211,-0.0183,0.0279,0.0095
base,healthy_q6,cyb_25_str_75,0.4833,0.3636,0.2835,-0.0331,0.0209,-0.0189
base,healthy_q6,cyb_40_str_60,0.485,0.3657,0.285,-0.0345,0.0334,-0.0305
base,healthy_q6,cyb_50_str_50,0.4882,0.3627,0.2856,-0.0401,0.034,-0.0244
base,healthy_q6,cyb_60_str_40,0.4832,0.3558,0.2837,-0.0334,0.0425,-0.0274
base,healthy_q6,cyb_75_str_25,0.4764,0.3313,0.2809,-0.0354,0.06,-0.0263
base,healthy_q6,cyber_only,0.3713,0.248,0.2194,-0.0206,0.0654,-0.0071
base,healthy_q6,structural_only,0.4783,0.3725,0.2829,-0.0287,0.0015,-0.0166
base,healthy_q6,tri_boundary_heavy,0.4849,0.3477,0.2845,-0.0347,0.0431,-0.0192
base,healthy_q6,tri_cognitive_bridge,0.4908,0.3566,0.286,-0.0393,0.0425,-0.0249
base,healthy_q6,tri_cognitive_heavy,0.4918,0.3413,0.2864,-0.0395,0.0439,-0.0088
base,healthy_q6,tri_cyber_heavy,0.4786,0.333,0.2824,-0.0287,0.0661,-0.0292
base,healthy_q6,tri_equal_routed,0.4833,0.3249,0.2828,-0.0336,0.0593,-0.0083
base,healthy_q6,tri_naive_equal_all_fire,0.4589,0.1247,0.2512,-0.0214,0.2934,0.0426
base,healthy_q6,tri_naive_structural_heavy_all_fire,0.4613,0.1263,0.2523,-0.0228,0.2828,0.0284
base,healthy_q6,tri_structural_heavy_55,0.4868,0.3554,0.2848,-0.0378,0.0354,-0.0214
base,healthy_q6,tri_structural_heavy_60,0.4966,0.3729,0.2894,-0.044,0.0345,-0.0302
base,healthy_q6,tri_structural_heavy_65,0.4916,0.3615,0.2863,-0.0414,0.0282,-0.0182
base,healthy_q8,cog_25_cyb_75,0.3435,0.2173,0.1915,-0.0111,0.0695,-0.0015
base,healthy_q8,cog_25_str_75,0.3462,0.2723,0.1951,-0.0142,0.0106,-0.0101
base,healthy_q8,cog_40_cyb_60,0.3396,0.2086,0.1897,-0.0095,0.0694,0.0005
base,healthy_q8,cog_40_str_60,0.3448,0.2634,0.1938,-0.014,0.0165,-0.0045
base,healthy_q8,cog_50_cyb_50,0.3364,0.2133,0.1889,-0.007,0.064,-0.0053
base,healthy_q8,cog_50_str_50,0.3437,0.2545,0.1915,-0.0112,0.0186,-0.0003
base,healthy_q8,cog_60_cyb_40,0.3376,0.2108,0.189,-0.0089,0.0579,0.0055
base,healthy_q8,cog_60_str_40,0.3417,0.245,0.1903,-0.0089,0.0244,0.0008
base,healthy_q8,cog_75_cyb_25,0.336,0.2148,0.1891,-0.0076,0.0514,0.0131
base,healthy_q8,cog_75_str_25,0.3426,0.2441,0.1928,-0.0133,0.0329,-0.0008
base,healthy_q8,cognitive_only,0.3239,0.2239,0.1796,-0.002,0.0348,0.0064
base,healthy_q8,cyb_25_str_75,0.3498,0.2717,0.1955,-0.0173,0.0172,-0.0125
base,healthy_q8,cyb_40_str_60,0.3503,0.2587,0.1944,-0.0164,0.0286,-0.0103
base,healthy_q8,cyb_50_str_50,0.3484,0.2625,0.1938,-0.0126,0.0379,-0.0234
base,healthy_q8,cyb_60_str_40,0.3393,0.2441,0.1916,-0.0098,0.0445,-0.0151
base,healthy_q8,cyb_75_str_25,0.3368,0.2267,0.1903,-0.0048,0.0622,-0.0111
base,healthy_q8,cyber_only,0.3128,0.1961,0.1745,-0.005,0.0705,-0.0059
base,healthy_q8,structural_only,0.3445,0.2683,0.193,-0.0103,0.0044,-0.0073
base,healthy_q8,tri_boundary_heavy,0.3446,0.2416,0.1923,-0.0129,0.0515,-0.0137
base,healthy_q8,tri_cognitive_bridge,0.3451,0.2467,0.192,-0.0107,0.0412,-0.0109
base,healthy_q8,tri_cognitive_heavy,0.344,0.2423,0.1927,-0.0095,0.0415,-0.0095
base,healthy_q8,tri_cyber_heavy,0.3449,0.2256,0.1922,-0.0111,0.0692,-0.0137
base,healthy_q8,tri_equal_routed,0.3428,0.2312,0.1914,-0.0128,0.0528,-0.0092
base,healthy_q8,tri_naive_equal_all_fire,0.3101,-0.0097,0.155,0.0072,0.3092,0.0458
base,healthy_q8,tri_naive_structural_heavy_all_fire,0.3206,0.0128,0.1606,-0.0023,0.2836,0.0445
base,healthy_q8,tri_structural_heavy_55,0.351,0.2575,0.195,-0.0184,0.0361,-0.014
base,healthy_q8,tri_structural_heavy_60,0.3451,0.2611,0.1943,-0.0143,0.0337,-0.0211
base,healthy_q8,tri_structural_heavy_65,0.352,0.2719,0.1957,-0.0193,0.0297,-0.0184
degraded_instruct,collapsed_q2_edge,cog_25_cyb_75,0.0044,0.0034,0.0604,-0.1062,0.0853,-0.0928
degraded_instruct,collapsed_q2_edge,cog_25_str_75,0.0563,0.04,0.2378,-0.3331,0.0151,-0.144
degraded_instruct,collapsed_q2_edge,cog_40_cyb_60,0.0047,0.0031,0.0578,-0.1017,0.0736,-0.0642
degraded_instruct,collapsed_q2_edge,cog_40_str_60,0.0397,0.0301,0.1956,-0.2933,0.0222,-0.135
degraded_instruct,collapsed_q2_edge,cog_50_cyb_50,0.0028,0.0017,0.0527,-0.0953,0.0694,-0.0762
degraded_instruct,collapsed_q2_edge,cog_50_str_50,0.0253,0.0189,0.1511,-0.2539,0.0262,-0.0978
degraded_instruct,collapsed_q2_edge,cog_60_cyb_40,0.0039,0.0025,0.0503,-0.0884,0.0667,-0.0556
degraded_instruct,collapsed_q2_edge,cog_60_str_40,0.0213,0.0157,0.1319,-0.2162,0.0314,-0.0868
degraded_instruct,collapsed_q2_edge,cog_75_cyb_25,0.0045,0.0031,0.048,-0.083,0.0561,-0.0329
degraded_instruct,collapsed_q2_edge,cog_75_str_25,0.0114,0.0073,0.0889,-0.1506,0.037,-0.0585
degraded_instruct,collapsed_q2_edge,cognitive_only,0.0019,0.0009,0.0275,-0.0491,0.038,-0.0112
degraded_instruct,collapsed_q2_edge,cyb_25_str_75,0.0734,0.0532,0.264,-0.3567,0.0241,-0.185
degraded_instruct,collapsed_q2_edge,cyb_40_str_60,0.0478,0.0328,0.2146,-0.3002,0.0358,-0.1781
degraded_instruct,collapsed_q2_edge,cyb_50_str_50,0.0352,0.0257,0.1828,-0.2709,0.0495,-0.175
degraded_instruct,collapsed_q2_edge,cyb_60_str_40,0.0285,0.0193,0.1558,-0.2387,0.0625,-0.164
degraded_instruct,collapsed_q2_edge,cyb_75_str_25,0.0206,0.0142,0.1215,-0.188,0.0753,-0.1426
degraded_instruct,collapsed_q2_edge,cyber_only,0.0045,0.0034,0.0411,-0.0862,0.0737,-0.0867
degraded_instruct,collapsed_q2_edge,structural_only,0.0485,0.0368,0.2038,-0.2986,0.0092,-0.1617
degraded_instruct,collapsed_q2_edge,tri_boundary_heavy,0.0713,0.0507,0.2607,-0.3506,0.0569,-0.1711
degraded_instruct,collapsed_q2_edge,tri_cognitive_bridge,0.0674,0.0462,0.2492,-0.3462,0.0461,-0.1309
degraded_instruct,collapsed_q2_edge,tri_cognitive_heavy,0.0319,0.0237,0.1816,-0.2745,0.05,-0.1001
degraded_instruct,collapsed_q2_edge,tri_cyber_heavy,0.0581,0.0418,0.2244,-0.3134,0.0755,-0.174
degraded_instruct,collapsed_q2_edge,tri_equal_routed,0.0408,0.0278,0.2001,-0.2984,0.063,-0.1406
degraded_instruct,collapsed_q2_edge,tri_naive_equal_all_fire,0.0805,0.0456,0.2846,-0.3937,0.3156,-0.1001
degraded_instruct,collapsed_q2_edge,tri_naive_structural_heavy_all_fire,0.3128,0.1623,0.55,-0.552,0.2903,-0.1571
degraded_instruct,collapsed_q2_edge,tri_structural_heavy_55,0.0919,0.0686,0.3063,-0.3867,0.048,-0.1703
degraded_instruct,collapsed_q2_edge,tri_structural_heavy_60,0.1074,0.0748,0.3349,-0.4145,0.0416,-0.1737
degraded_instruct,collapsed_q2_edge,tri_structural_heavy_65,0.1292,0.0928,0.3655,-0.4361,0.0355,-0.1926
degraded_instruct,damaged_q2,cog_25_cyb_75,0.0394,0.0277,0.1553,-0.1791,0.0778,-0.0664
degraded_instruct,damaged_q2,cog_25_str_75,0.2139,0.1596,0.4241,-0.3547,0.0119,-0.1057
degraded_instruct,damaged_q2,cog_40_cyb_60,0.0302,0.0214,0.1391,-0.1554,0.07,-0.0495
degraded_instruct,damaged_q2,cog_40_str_60,0.1455,0.1102,0.3551,-0.311,0.0197,-0.0909
degraded_instruct,damaged_q2,cog_50_cyb_50,0.0303,0.023,0.1378,-0.1633,0.0736,-0.0509
degraded_instruct,damaged_q2,cog_50_str_50,0.1128,0.0869,0.3093,-0.2919,0.0247,-0.0914
degraded_instruct,damaged_q2,cog_60_cyb_40,0.0286,0.0202,0.1364,-0.1649,0.0671,-0.0379
degraded_instruct,damaged_q2,cog_60_str_40,0.0859,0.0642,0.2716,-0.271,0.0378,-0.0786
degraded_instruct,damaged_q2,cog_75_cyb_25,0.0263,0.0186,0.1296,-0.1461,0.0653,-0.0181
degraded_instruct,damaged_q2,cog_75_str_25,0.0492,0.0366,0.201,-0.208,0.0342,-0.052
degraded_instruct,damaged_q2,cognitive_only,0.0136,0.0114,0.0751,-0.0871,0.0405,-0.0031
degraded_instruct,damaged_q2,cyb_25_str_75,0.2311,0.1688,0.4429,-0.3613,0.0267,-0.1503
degraded_instruct,damaged_q2,cyb_40_str_60,0.1866,0.1313,0.3865,-0.3319,0.0431,-0.129
degraded_instruct,damaged_q2,cyb_50_str_50,0.1523,0.1106,0.3496,-0.3127,0.0511,-0.135
degraded_instruct,damaged_q2,cyb_60_str_40,0.1261,0.0866,0.3093,-0.2889,0.0621,-0.1173
degraded_instruct,damaged_q2,cyb_75_str_25,0.0837,0.0617,0.2469,-0.2436,0.0707,-0.1157
degraded_instruct,damaged_q2,cyber_only,0.0245,0.0174,0.1069,-0.1402,0.0746,-0.0704
degraded_instruct,damaged_q2,structural_only,0.1597,0.1192,0.3674,-0.3225,0.0058,-0.1212
degraded_instruct,damaged_q2,tri_boundary_heavy,0.2405,0.1694,0.4542,-0.3572,0.063,-0.1393
degraded_instruct,damaged_q2,tri_cognitive_bridge,0.2145,0.1497,0.4315,-0.3518,0.0527,-0.1068
degraded_instruct,damaged_q2,tri_cognitive_heavy,0.1364,0.1016,0.3581,-0.3122,0.0564,-0.095
degraded_instruct,damaged_q2,tri_cyber_heavy,0.187,0.1278,0.4028,-0.3469,0.0821,-0.1295
degraded_instruct,damaged_q2,tri_equal_routed,0.1625,0.1152,0.374,-0.3254,0.0592,-0.1012
degraded_instruct,damaged_q2,tri_naive_equal_all_fire,0.2361,0.1249,0.4514,-0.3683,0.3146,-0.0664
degraded_instruct,damaged_q2,tri_naive_structural_heavy_all_fire,0.5862,0.2861,0.7002,-0.4694,0.2961,-0.1153
degraded_instruct,damaged_q2,tri_structural_heavy_55,0.2889,0.2013,0.5027,-0.3861,0.0444,-0.1204
degraded_instruct,damaged_q2,tri_structural_heavy_60,0.3456,0.2444,0.5404,-0.3974,0.041,-0.1514
degraded_instruct,damaged_q2,tri_structural_heavy_65,0.3733,0.258,0.5655,-0.4174,0.0375,-0.135
degraded_instruct,damaged_q3,cog_25_cyb_75,0.2048,0.1419,0.2623,-0.0886,0.0864,-0.0314
degraded_instruct,damaged_q3,cog_25_str_75,0.67,0.4842,0.5687,-0.1744,0.0136,-0.0595
degraded_instruct,damaged_q3,cog_40_cyb_60,0.185,0.1372,0.2516,-0.0822,0.0763,-0.0187
degraded_instruct,damaged_q3,cog_40_str_60,0.553,0.4055,0.504,-0.16,0.0206,-0.0481
degraded_instruct,damaged_q3,cog_50_cyb_50,0.182,0.1289,0.2539,-0.0713,0.0763,-0.027
degraded_instruct,damaged_q3,cog_50_str_50,0.4767,0.3464,0.4639,-0.1536,0.0308,-0.037
degraded_instruct,damaged_q3,cog_60_cyb_40,0.1739,0.1294,0.2447,-0.0705,0.0636,-0.0243
degraded_instruct,damaged_q3,cog_60_str_40,0.3853,0.2855,0.4095,-0.1383,0.0305,-0.0314
degraded_instruct,damaged_q3,cog_75_cyb_25,0.1606,0.1169,0.2322,-0.0645,0.0585,-0.0015
degraded_instruct,damaged_q3,cog_75_str_25,0.277,0.2017,0.3361,-0.1041,0.0439,-0.0262
degraded_instruct,damaged_q3,cognitive_only,0.0862,0.0625,0.1491,-0.0444,0.0419,0.018
degraded_instruct,damaged_q3,cyb_25_str_75,0.6634,0.4869,0.5642,-0.1791,0.0295,-0.0879
degraded_instruct,damaged_q3,cyb_40_str_60,0.563,0.406,0.5089,-0.157,0.043,-0.076
degraded_instruct,damaged_q3,cyb_50_str_50,0.5062,0.3678,0.474,-0.1598,0.0469,-0.0789
degraded_instruct,damaged_q3,cyb_60_str_40,0.4417,0.3143,0.4377,-0.147,0.0535,-0.0671
degraded_instruct,damaged_q3,cyb_75_str_25,0.3469,0.245,0.3663,-0.1216,0.0769,-0.0671
degraded_instruct,damaged_q3,cyber_only,0.1438,0.1017,0.1953,-0.0619,0.0819,-0.0237
degraded_instruct,damaged_q3,structural_only,0.5791,0.4374,0.5142,-0.1675,0.0056,-0.0526
degraded_instruct,damaged_q3,tri_boundary_heavy,0.673,0.47,0.5705,-0.1784,0.0588,-0.066
degraded_instruct,damaged_q3,tri_cognitive_bridge,0.6764,0.4636,0.5747,-0.1861,0.0486,-0.0428
degraded_instruct,damaged_q3,tri_cognitive_heavy,0.5519,0.3841,0.5049,-0.1495,0.0553,-0.0312
degraded_instruct,damaged_q3,tri_cyber_heavy,0.5728,0.3925,0.5122,-0.165,0.0842,-0.0732
degraded_instruct,damaged_q3,tri_equal_routed,0.5605,0.3924,0.5109,-0.1578,0.0686,-0.0609
degraded_instruct,damaged_q3,tri_naive_equal_all_fire,0.6244,0.3078,0.5391,-0.1647,0.3088,-0.0012
degraded_instruct,damaged_q3,tri_naive_structural_heavy_all_fire,0.7666,0.3782,0.615,-0.1906,0.2999,-0.0473
degraded_instruct,damaged_q3,tri_structural_heavy_55,0.7355,0.5122,0.6127,-0.185,0.0502,-0.0718
degraded_instruct,damaged_q3,tri_structural_heavy_60,0.7653,0.5369,0.6269,-0.1972,0.0394,-0.0723
degraded_instruct,damaged_q3,tri_structural_heavy_65,0.7798,0.5518,0.6352,-0.202,0.0372,-0.0898
degraded_instruct,damaged_q4,cog_25_cyb_75,0.339,0.2264,0.2642,-0.0541,0.0818,-0.0122
degraded_instruct,damaged_q4,cog_25_str_75,0.7232,0.5261,0.485,-0.1058,0.0109,-0.0269
degraded_instruct,damaged_q4,cog_40_cyb_60,0.3395,0.2368,0.2689,-0.06,0.077,-0.0187
degraded_instruct,damaged_q4,cog_40_str_60,0.7189,0.5328,0.4797,-0.1074,0.017,-0.0433
degraded_instruct,damaged_q4,cog_50_cyb_50,0.3239,0.2264,0.2626,-0.0497,0.0681,-0.0136
degraded_instruct,damaged_q4,cog_50_str_50,0.6721,0.4863,0.4525,-0.0931,0.0257,-0.02
degraded_instruct,damaged_q4,cog_60_cyb_40,0.3085,0.2185,0.2556,-0.0475,0.0678,-0.0018
degraded_instruct,damaged_q4,cog_60_str_40,0.6173,0.4521,0.4218,-0.0925,0.0276,-0.027
degraded_instruct,damaged_q4,cog_75_cyb_25,0.279,0.1886,0.2434,-0.0339,0.0681,0.0042
degraded_instruct,damaged_q4,cog_75_str_25,0.4931,0.3608,0.359,-0.0788,0.0364,-0.0048
degraded_instruct,damaged_q4,cognitive_only,0.1681,0.1189,0.1645,-0.028,0.0432,0.0138
degraded_instruct,damaged_q4,cyb_25_str_75,0.7085,0.5314,0.4777,-0.1033,0.0228,-0.0601
degraded_instruct,damaged_q4,cyb_40_str_60,0.6801,0.5097,0.4581,-0.0958,0.0337,-0.0586
degraded_instruct,damaged_q4,cyb_50_str_50,0.6393,0.4713,0.4351,-0.0881,0.0465,-0.0469
degraded_instruct,damaged_q4,cyb_60_str_40,0.5887,0.4233,0.4084,-0.085,0.0525,-0.0354
degraded_instruct,damaged_q4,cyb_75_str_25,0.5079,0.3655,0.3562,-0.0731,0.0654,-0.0387
degraded_instruct,damaged_q4,cyber_only,0.2451,0.1616,0.2007,-0.0422,0.0748,-0.0043
degraded_instruct,damaged_q4,structural_only,0.6859,0.5211,0.4643,-0.1011,0.0056,-0.0479
degraded_instruct,damaged_q4,tri_boundary_heavy,0.7137,0.5039,0.4817,-0.098,0.0559,-0.0469
degraded_instruct,damaged_q4,tri_cognitive_bridge,0.7287,0.5136,0.4879,-0.105,0.0426,-0.034
degraded_instruct,damaged_q4,tri_cognitive_heavy,0.7029,0.4888,0.4738,-0.0931,0.0442,-0.0189
degraded_instruct,damaged_q4,tri_cyber_heavy,0.6807,0.4719,0.458,-0.0928,0.0765,-0.0528
degraded_instruct,damaged_q4,tri_equal_routed,0.6985,0.4814,0.4686,-0.0967,0.0629,-0.0279
degraded_instruct,damaged_q4,tri_naive_equal_all_fire,0.6706,0.2899,0.4398,-0.0796,0.3045,0.0275
degraded_instruct,damaged_q4,tri_naive_structural_heavy_all_fire,0.7023,0.3135,0.4565,-0.091,0.3032,-0.0084
degraded_instruct,damaged_q4,tri_structural_heavy_55,0.7284,0.5157,0.4898,-0.103,0.0425,-0.0425
degraded_instruct,damaged_q4,tri_structural_heavy_60,0.736,0.5241,0.4912,-0.1102,0.0428,-0.0422
degraded_instruct,damaged_q4,tri_structural_heavy_65,0.7364,0.5336,0.4933,-0.113,0.0384,-0.0451
degraded_instruct,healthy_q6,cog_25_cyb_75,0.3942,0.2389,0.2242,-0.0183,0.0826,0.0125
degraded_instruct,healthy_q6,cog_25_str_75,0.4978,0.3789,0.2867,-0.04,0.0145,-0.0195
degraded_instruct,healthy_q6,cog_40_cyb_60,0.4045,0.2558,0.2317,-0.0189,0.0754,0.0089
degraded_instruct,healthy_q6,cog_40_str_60,0.4922,0.3587,0.2838,-0.0348,0.0209,-0.0083
degraded_instruct,healthy_q6,cog_50_cyb_50,0.3977,0.2559,0.2295,-0.0164,0.0679,0.0117
degraded_instruct,healthy_q6,cog_50_str_50,0.4911,0.3577,0.2832,-0.0361,0.024,-0.0097
degraded_instruct,healthy_q6,cog_60_cyb_40,0.411,0.2716,0.2363,-0.0209,0.0707,-0.0014
degraded_instruct,healthy_q6,cog_60_str_40,0.4908,0.3352,0.282,-0.0361,0.0361,0.0077
degraded_instruct,healthy_q6,cog_75_cyb_25,0.3955,0.2642,0.227,-0.0118,0.0614,0.0047
degraded_instruct,healthy_q6,cog_75_str_25,0.4847,0.3316,0.2797,-0.0314,0.0367,0.0052
degraded_instruct,healthy_q6,cognitive_only,0.278,0.1867,0.1672,-0.0081,0.0414,0.0125
degraded_instruct,healthy_q6,cyb_25_str_75,0.4927,0.3722,0.2851,-0.0342,0.0226,-0.025
degraded_instruct,healthy_q6,cyb_40_str_60,0.4877,0.3566,0.2831,-0.0326,0.0401,-0.0239
degraded_instruct,healthy_q6,cyb_50_str_50,0.4872,0.3484,0.2822,-0.0331,0.0471,-0.0212
degraded_instruct,healthy_q6,cyb_60_str_40,0.4842,0.3436,0.2798,-0.0353,0.0557,-0.0286
degraded_instruct,healthy_q6,cyb_75_str_25,0.4667,0.3094,0.269,-0.0306,0.0718,-0.0105
degraded_instruct,healthy_q6,cyber_only,0.2939,0.1769,0.1708,-0.0075,0.0759,0.0044
degraded_instruct,healthy_q6,structural_only,0.4913,0.3808,0.2838,-0.0318,0.0028,-0.0209
degraded_instruct,healthy_q6,tri_boundary_heavy,0.4859,0.3364,0.2833,-0.0289,0.0548,-0.0186
degraded_instruct,healthy_q6,tri_cognitive_bridge,0.4895,0.3511,0.284,-0.0308,0.0445,-0.0162
degraded_instruct,healthy_q6,tri_cognitive_heavy,0.4889,0.3355,0.2835,-0.0348,0.0504,-0.005
degraded_instruct,healthy_q6,tri_cyber_heavy,0.4863,0.3172,0.2825,-0.032,0.0789,-0.0203
degraded_instruct,healthy_q6,tri_equal_routed,0.4827,0.3248,0.2814,-0.0284,0.0623,-0.0064
degraded_instruct,healthy_q6,tri_naive_equal_all_fire,0.4541,0.11,0.2453,-0.0067,0.3081,0.0453
degraded_instruct,healthy_q6,tri_naive_structural_heavy_all_fire,0.4611,0.1166,0.2493,-0.0165,0.299,0.035
degraded_instruct,healthy_q6,tri_structural_heavy_55,0.4931,0.3563,0.2852,-0.0383,0.0412,-0.02
degraded_instruct,healthy_q6,tri_structural_heavy_60,0.5,0.3564,0.2868,-0.0403,0.0417,-0.0198
degraded_instruct,healthy_q6,tri_structural_heavy_65,0.4964,0.3573,0.286,-0.0364,0.0378,-0.0181
degraded_instruct,healthy_q8,cog_25_cyb_75,0.3133,0.1717,0.1733,-0.0062,0.0841,0.0196
degraded_instruct,healthy_q8,cog_25_str_75,0.338,0.2648,0.189,-0.0142,0.0107,-0.0069
degraded_instruct,healthy_q8,cog_40_cyb_60,0.3094,0.1662,0.1714,-0.004,0.0763,0.0271
degraded_instruct,healthy_q8,cog_40_str_60,0.3417,0.2587,0.191,-0.0153,0.0157,-0.0026
degraded_instruct,healthy_q8,cog_50_cyb_50,0.3134,0.1753,0.1739,-0.0059,0.0713,0.0247
degraded_instruct,healthy_q8,cog_50_str_50,0.337,0.2423,0.1896,-0.0119,0.0278,0.0027
degraded_instruct,healthy_q8,cog_60_cyb_40,0.3092,0.1764,0.172,0.0005,0.0627,0.026
degraded_instruct,healthy_q8,cog_60_str_40,0.3356,0.2372,0.1872,-0.0106,0.0294,0.0074
degraded_instruct,healthy_q8,cog_75_cyb_25,0.3092,0.1742,0.1716,-0.0005,0.0636,0.0314
degraded_instruct,healthy_q8,cog_75_str_25,0.33,0.2166,0.1859,-0.0062,0.0353,0.0153
degraded_instruct,healthy_q8,cognitive_only,0.2517,0.1584,0.1369,-0.0009,0.0374,0.0289
degraded_instruct,healthy_q8,cyb_25_str_75,0.3394,0.258,0.191,-0.0147,0.0261,-0.0133
degraded_instruct,healthy_q8,cyb_40_str_60,0.3383,0.2356,0.1897,-0.0148,0.0394,-0.0003
degraded_instruct,healthy_q8,cyb_50_str_50,0.333,0.2297,0.1885,-0.01,0.0474,-0.0036
degraded_instruct,healthy_q8,cyb_60_str_40,0.3309,0.2137,0.1876,-0.0083,0.0569,-0.0033
degraded_instruct,healthy_q8,cyb_75_str_25,0.3273,0.1995,0.1848,-0.0053,0.0678,0.0067
degraded_instruct,healthy_q8,cyber_only,0.2425,0.1319,0.1337,-0.0033,0.0736,0.015
degraded_instruct,healthy_q8,structural_only,0.3422,0.2692,0.1904,-0.0194,0.0058,-0.004
degraded_instruct,healthy_q8,tri_boundary_heavy,0.3377,0.222,0.1887,-0.0112,0.0524,0.0017
degraded_instruct,healthy_q8,tri_cognitive_bridge,0.338,0.2258,0.188,-0.0136,0.0472,0.0057
degraded_instruct,healthy_q8,tri_cognitive_heavy,0.3323,0.2028,0.1865,-0.0097,0.0569,0.0124
degraded_instruct,healthy_q8,tri_cyber_heavy,0.3369,0.2028,0.1879,-0.0097,0.0719,0.0057
degraded_instruct,healthy_q8,tri_equal_routed,0.3391,0.2148,0.1897,-0.0142,0.0627,0.0028
degraded_instruct,healthy_q8,tri_naive_equal_all_fire,0.2958,-0.0363,0.1482,0.0108,0.3144,0.0664
degraded_instruct,healthy_q8,tri_naive_structural_heavy_all_fire,0.302,-0.0006,0.1537,0.01,0.2871,0.0442
degraded_instruct,healthy_q8,tri_structural_heavy_55,0.3391,0.2391,0.1907,-0.0153,0.0432,-0.0075
degraded_instruct,healthy_q8,tri_structural_heavy_60,0.3387,0.2478,0.1908,-0.0133,0.0346,-0.0112
degraded_instruct,healthy_q8,tri_structural_heavy_65,0.342,0.2492,0.1909,-0.0158,0.0347,-0.0108
instruct,collapsed_q2_edge,cog_25_cyb_75,0.0019,0.0011,0.0291,-0.0592,0.0688,-0.0457
instruct,collapsed_q2_edge,cog_25_str_75,0.0453,0.0334,0.1991,-0.3036,0.0066,-0.1278
instruct,collapsed_q2_edge,cog_40_cyb_60,0.0017,0.0016,0.0279,-0.0689,0.0695,-0.0636
instruct,collapsed_q2_edge,cog_40_str_60,0.0217,0.0161,0.1377,-0.2387,0.0142,-0.0711
instruct,collapsed_q2_edge,cog_50_cyb_50,0.0019,0.0016,0.028,-0.0522,0.0614,-0.0203
instruct,collapsed_q2_edge,cog_50_str_50,0.0163,0.0122,0.1138,-0.2045,0.0186,-0.0598
instruct,collapsed_q2_edge,cog_60_cyb_40,0.0016,0.0011,0.0231,-0.0512,0.0616,-0.0261
instruct,collapsed_q2_edge,cog_60_str_40,0.0091,0.0072,0.0915,-0.1669,0.0252,-0.0514
instruct,collapsed_q2_edge,cog_75_cyb_25,0.0014,0.0008,0.0226,-0.0491,0.0508,-0.0157
instruct,collapsed_q2_edge,cog_75_str_25,0.0063,0.0048,0.0551,-0.1055,0.0306,-0.0359
instruct,collapsed_q2_edge,cognitive_only,0.0017,0.0011,0.01,-0.0192,0.035,0.0225
instruct,collapsed_q2_edge,cyb_25_str_75,0.0481,0.0381,0.2124,-0.3006,0.0148,-0.1634
instruct,collapsed_q2_edge,cyb_40_str_60,0.0306,0.0213,0.1599,-0.2475,0.0292,-0.1346
instruct,collapsed_q2_edge,cyb_50_str_50,0.022,0.017,0.1392,-0.2233,0.0344,-0.1392
instruct,collapsed_q2_edge,cyb_60_str_40,0.0163,0.0123,0.112,-0.1925,0.0412,-0.1162
instruct,collapsed_q2_edge,cyb_75_str_25,0.0088,0.0052,0.0763,-0.1386,0.0622,-0.0993
instruct,collapsed_q2_edge,cyber_only,0.0016,0.0011,0.0215,-0.0428,0.0653,-0.0367
instruct,collapsed_q2_edge,structural_only,0.0364,0.028,0.1747,-0.2706,0.0047,-0.1137
instruct,collapsed_q2_edge,tri_boundary_heavy,0.0452,0.0336,0.1983,-0.2973,0.0486,-0.1323
instruct,collapsed_q2_edge,tri_cognitive_bridge,0.037,0.0267,0.1804,-0.2737,0.0389,-0.1207
instruct,collapsed_q2_edge,tri_cognitive_heavy,0.0195,0.0131,0.1273,-0.2181,0.0433,-0.0812
instruct,collapsed_q2_edge,tri_cyber_heavy,0.0288,0.0189,0.1568,-0.253,0.0637,-0.1361
instruct,collapsed_q2_edge,tri_equal_routed,0.0214,0.015,0.1343,-0.2255,0.0559,-0.0829
instruct,collapsed_q2_edge,tri_naive_equal_all_fire,0.0341,0.0194,0.1734,-0.298,0.3,-0.0553
instruct,collapsed_q2_edge,tri_naive_structural_heavy_all_fire,0.19,0.1056,0.4304,-0.4948,0.2766,-0.1295
instruct,collapsed_q2_edge,tri_structural_heavy_55,0.0577,0.0436,0.2366,-0.3375,0.0327,-0.1343
instruct,collapsed_q2_edge,tri_structural_heavy_60,0.072,0.0544,0.2677,-0.3631,0.0306,-0.144
instruct,collapsed_q2_edge,tri_structural_heavy_65,0.0889,0.0647,0.2908,-0.3817,0.0225,-0.1668
instruct,damaged_q2,cog_25_cyb_75,0.0153,0.0112,0.0887,-0.1052,0.0657,-0.0443
instruct,damaged_q2,cog_25_str_75,0.15,0.1154,0.3559,-0.3089,0.0068,-0.1114
instruct,damaged_q2,cog_40_cyb_60,0.0147,0.01,0.0809,-0.0929,0.064,-0.0343
instruct,damaged_q2,cog_40_str_60,0.0997,0.0742,0.2949,-0.2783,0.0104,-0.087
instruct,damaged_q2,cog_50_cyb_50,0.0117,0.0087,0.0766,-0.0938,0.0579,-0.0435
instruct,damaged_q2,cog_50_str_50,0.0685,0.0504,0.2413,-0.2425,0.0175,-0.0618
instruct,damaged_q2,cog_60_cyb_40,0.0097,0.0081,0.0715,-0.0853,0.0611,-0.0262
instruct,damaged_q2,cog_60_str_40,0.0549,0.0423,0.2019,-0.2199,0.0217,-0.0361
instruct,damaged_q2,cog_75_cyb_25,0.0111,0.0073,0.0724,-0.0788,0.0575,-0.0129
instruct,damaged_q2,cog_75_str_25,0.0314,0.024,0.143,-0.1691,0.0329,-0.0317
instruct,damaged_q2,cognitive_only,0.0031,0.0025,0.0286,-0.031,0.0379,0.014
instruct,damaged_q2,cyb_25_str_75,0.1767,0.1315,0.3817,-0.3105,0.0143,-0.137
instruct,damaged_q2,cyb_40_str_60,0.1258,0.0973,0.3226,-0.2693,0.0229,-0.1321
instruct,damaged_q2,cyb_50_str_50,0.1031,0.0775,0.2828,-0.2555,0.0395,-0.1267
instruct,damaged_q2,cyb_60_str_40,0.0772,0.0581,0.2413,-0.2285,0.0434,-0.111
instruct,damaged_q2,cyb_75_str_25,0.0491,0.0357,0.1875,-0.1893,0.0561,-0.0956
instruct,damaged_q2,cyber_only,0.0096,0.0068,0.0602,-0.0786,0.0689,-0.0514
instruct,damaged_q2,structural_only,0.1358,0.1015,0.3333,-0.2957,0.0023,-0.1121
instruct,damaged_q2,tri_boundary_heavy,0.1672,0.1222,0.3729,-0.3068,0.0445,-0.1262
instruct,damaged_q2,tri_cognitive_bridge,0.1516,0.1073,0.3514,-0.3097,0.0375,-0.1026
instruct,damaged_q2,tri_cognitive_heavy,0.0792,0.0579,0.2654,-0.2643,0.0382,-0.0693
instruct,damaged_q2,tri_cyber_heavy,0.1178,0.082,0.3121,-0.2821,0.0612,-0.1159
instruct,damaged_q2,tri_equal_routed,0.0971,0.0711,0.2903,-0.2639,0.0489,-0.095
instruct,damaged_q2,tri_naive_equal_all_fire,0.1356,0.0793,0.3326,-0.3047,0.2948,-0.0351
instruct,damaged_q2,tri_naive_structural_heavy_all_fire,0.4461,0.234,0.6132,-0.4239,0.2764,-0.0965
instruct,damaged_q2,tri_structural_heavy_55,0.1949,0.1375,0.4071,-0.34,0.0273,-0.11
instruct,damaged_q2,tri_structural_heavy_60,0.2375,0.1692,0.4512,-0.3546,0.0317,-0.135
instruct,damaged_q2,tri_structural_heavy_65,0.2824,0.1973,0.487,-0.3643,0.0262,-0.1262
instruct,damaged_q3,cog_25_cyb_75,0.1009,0.0713,0.1738,-0.0539,0.0653,-0.0127
instruct,damaged_q3,cog_25_str_75,0.5681,0.4231,0.5149,-0.1648,0.008,-0.0547
instruct,damaged_q3,cog_40_cyb_60,0.0903,0.0617,0.1665,-0.0498,0.0604,-0.0002
instruct,damaged_q3,cog_40_str_60,0.4451,0.3317,0.445,-0.1566,0.0108,-0.0456
instruct,damaged_q3,cog_50_cyb_50,0.0708,0.0436,0.1452,-0.0348,0.0687,0.0155
instruct,damaged_q3,cog_50_str_50,0.3558,0.2728,0.3907,-0.1403,0.0162,-0.0323
instruct,damaged_q3,cog_60_cyb_40,0.0853,0.0572,0.1505,-0.0505,0.0586,0.0181
instruct,damaged_q3,cog_60_str_40,0.2723,0.2024,0.3303,-0.1145,0.0215,-0.0108
instruct,damaged_q3,cog_75_cyb_25,0.0647,0.0446,0.1282,-0.0402,0.0567,0.0177
instruct,damaged_q3,cog_75_str_25,0.1654,0.1244,0.2461,-0.0786,0.0317,0.0069
instruct,damaged_q3,cognitive_only,0.0267,0.015,0.0675,-0.0086,0.0387,0.0247
instruct,damaged_q3,cyb_25_str_75,0.5803,0.4308,0.5247,-0.1655,0.0128,-0.0664
instruct,damaged_q3,cyb_40_str_60,0.4767,0.351,0.4565,-0.1476,0.0261,-0.0669
instruct,damaged_q3,cyb_50_str_50,0.4131,0.296,0.4186,-0.1387,0.0389,-0.0464
instruct,damaged_q3,cyb_60_str_40,0.3506,0.255,0.3742,-0.1206,0.0426,-0.0511
instruct,damaged_q3,cyb_75_str_25,0.26,0.1789,0.3049,-0.1022,0.0604,-0.0361
instruct,damaged_q3,cyber_only,0.0757,0.0453,0.1252,-0.0387,0.0664,-0.0028
instruct,damaged_q3,structural_only,0.5184,0.3855,0.4831,-0.1545,0.0053,-0.0616
instruct,damaged_q3,tri_boundary_heavy,0.55,0.3888,0.5021,-0.1602,0.0462,-0.0483
instruct,damaged_q3,tri_cognitive_bridge,0.5336,0.3799,0.4967,-0.1556,0.0375,-0.0431
instruct,damaged_q3,tri_cognitive_heavy,0.3951,0.2835,0.4111,-0.1289,0.0439,-0.0187
instruct,damaged_q3,tri_cyber_heavy,0.4489,0.3046,0.4422,-0.1475,0.0647,-0.0406
instruct,damaged_q3,tri_equal_routed,0.4201,0.2906,0.4277,-0.1408,0.0551,-0.0245
instruct,damaged_q3,tri_naive_equal_all_fire,0.4404,0.222,0.4386,-0.1377,0.2894,0.0323
instruct,damaged_q3,tri_naive_structural_heavy_all_fire,0.7268,0.3553,0.5978,-0.1891,0.2705,-0.0081
instruct,damaged_q3,tri_structural_heavy_55,0.6428,0.4563,0.5589,-0.1744,0.0315,-0.0534
instruct,damaged_q3,tri_structural_heavy_60,0.6818,0.4863,0.5814,-0.182,0.025,-0.0605
instruct,damaged_q3,tri_structural_heavy_65,0.7131,0.5105,0.6011,-0.1878,0.0253,-0.0687
instruct,damaged_q4,cog_25_cyb_75,0.2044,0.1356,0.1781,-0.0367,0.0741,-0.0178
instruct,damaged_q4,cog_25_str_75,0.6929,0.5117,0.4732,-0.0945,0.0077,-0.0477
instruct,damaged_q4,cog_40_cyb_60,0.2017,0.1344,0.1786,-0.0329,0.0686,0.0006
instruct,damaged_q4,cog_40_str_60,0.639,0.4656,0.4377,-0.0889,0.0146,-0.0324
instruct,damaged_q4,cog_50_cyb_50,0.1736,0.1084,0.165,-0.0204,0.0691,0.015
instruct,damaged_q4,cog_50_str_50,0.5672,0.4231,0.3985,-0.0837,0.0177,-0.0304
instruct,damaged_q4,cog_60_cyb_40,0.1611,0.1053,0.1587,-0.0264,0.0639,0.0051
instruct,damaged_q4,cog_60_str_40,0.4678,0.3425,0.3435,-0.0728,0.0291,-0.0133
instruct,damaged_q4,cog_75_cyb_25,0.142,0.0989,0.1473,-0.0293,0.058,0.0073
instruct,damaged_q4,cog_75_str_25,0.3144,0.2398,0.2627,-0.0587,0.0269,-0.0246
instruct,damaged_q4,cognitive_only,0.0608,0.0394,0.0695,-0.0047,0.0391,0.0045
instruct,damaged_q4,cyb_25_str_75,0.6709,0.5045,0.4615,-0.0965,0.0118,-0.0585
instruct,damaged_q4,cyb_40_str_60,0.6154,0.4519,0.4259,-0.0861,0.0291,-0.0479
instruct,damaged_q4,cyb_50_str_50,0.5664,0.4169,0.397,-0.0839,0.0366,-0.0521
instruct,damaged_q4,cyb_60_str_40,0.508,0.3695,0.3644,-0.0792,0.0421,-0.0544
instruct,damaged_q4,cyb_75_str_25,0.3986,0.277,0.2981,-0.0615,0.0593,-0.0291
instruct,damaged_q4,cyber_only,0.1448,0.0988,0.1326,-0.0265,0.0621,-0.0168
instruct,damaged_q4,structural_only,0.6623,0.5036,0.4548,-0.0953,0.0044,-0.0504
instruct,damaged_q4,tri_boundary_heavy,0.6725,0.4758,0.4589,-0.0959,0.0477,-0.0491
instruct,damaged_q4,tri_cognitive_bridge,0.672,0.4767,0.4621,-0.0873,0.0374,-0.0427
instruct,damaged_q4,tri_cognitive_heavy,0.6072,0.4214,0.4213,-0.0831,0.0477,-0.0218
instruct,damaged_q4,tri_cyber_heavy,0.5951,0.418,0.4124,-0.0781,0.0619,-0.043
instruct,damaged_q4,tri_equal_routed,0.5911,0.4009,0.4143,-0.087,0.0591,-0.0216
instruct,damaged_q4,tri_naive_equal_all_fire,0.5898,0.2703,0.4026,-0.0722,0.2919,0.0103
instruct,damaged_q4,tri_naive_structural_heavy_all_fire,0.6906,0.3148,0.4547,-0.0972,0.284,0.0018
instruct,damaged_q4,tri_structural_heavy_55,0.7061,0.5141,0.48,-0.1014,0.0332,-0.0569
instruct,damaged_q4,tri_structural_heavy_60,0.7073,0.5045,0.4818,-0.1019,0.0293,-0.0422
instruct,damaged_q4,tri_structural_heavy_65,0.7133,0.5234,0.4855,-0.1033,0.0243,-0.063
instruct,healthy_q6,cog_25_cyb_75,0.2728,0.1703,0.163,-0.0128,0.0747,0.0293
instruct,healthy_q6,cog_25_str_75,0.488,0.3802,0.2875,-0.0355,0.006,-0.0036
instruct,healthy_q6,cog_40_cyb_60,0.2811,0.1758,0.1682,-0.0098,0.0706,0.0236
instruct,healthy_q6,cog_40_str_60,0.4925,0.3705,0.2874,-0.0395,0.0106,0.0049
instruct,healthy_q6,cog_50_cyb_50,0.2741,0.1697,0.1622,-0.0131,0.0627,0.0382
instruct,healthy_q6,cog_50_str_50,0.4895,0.3519,0.2862,-0.0361,0.0177,0.016
instruct,healthy_q6,cog_60_cyb_40,0.2666,0.165,0.1609,-0.0083,0.0588,0.0377
instruct,healthy_q6,cog_60_str_40,0.487,0.3419,0.2838,-0.0397,0.0219,0.025
instruct,healthy_q6,cog_75_cyb_25,0.2583,0.1649,0.156,-0.0133,0.0527,0.0335
instruct,healthy_q6,cog_75_str_25,0.4436,0.3085,0.2548,-0.0255,0.0291,0.0286
instruct,healthy_q6,cognitive_only,0.1239,0.0654,0.0807,0.0053,0.0389,0.0482
instruct,healthy_q6,cyb_25_str_75,0.4919,0.3716,0.2873,-0.0392,0.016,-0.0059
instruct,healthy_q6,cyb_40_str_60,0.4902,0.3643,0.2848,-0.04,0.0311,-0.007
instruct,healthy_q6,cyb_50_str_50,0.4752,0.3513,0.2788,-0.0334,0.0372,-0.0079
instruct,healthy_q6,cyb_60_str_40,0.4664,0.3271,0.2722,-0.0351,0.048,0.0055
instruct,healthy_q6,cyb_75_str_25,0.4241,0.2808,0.2453,-0.0309,0.06,0.0202
instruct,healthy_q6,cyber_only,0.2136,0.1252,0.1265,-0.0091,0.0672,0.0299
instruct,healthy_q6,structural_only,0.4944,0.3943,0.2894,-0.0408,0.0036,-0.0136
instruct,healthy_q6,tri_boundary_heavy,0.4944,0.3508,0.2872,-0.0419,0.0433,0.0053
instruct,healthy_q6,tri_cognitive_bridge,0.4898,0.3449,0.2862,-0.035,0.0406,0.0066
instruct,healthy_q6,tri_cognitive_heavy,0.488,0.3313,0.2853,-0.0342,0.0475,0.0175
instruct,healthy_q6,tri_cyber_heavy,0.4822,0.3199,0.2814,-0.0345,0.0699,0.0091
instruct,healthy_q6,tri_equal_routed,0.4805,0.3279,0.2827,-0.0305,0.0544,0.0086
instruct,healthy_q6,tri_naive_equal_all_fire,0.4403,0.1069,0.2433,-0.0109,0.2991,0.0674
instruct,healthy_q6,tri_naive_structural_heavy_all_fire,0.4637,0.1335,0.2539,-0.0237,0.2821,0.0591
instruct,healthy_q6,tri_structural_heavy_55,0.5027,0.3596,0.2911,-0.0469,0.0303,0.0061
instruct,healthy_q6,tri_structural_heavy_60,0.5008,0.3689,0.2899,-0.0456,0.0272,-0.0014
instruct,healthy_q6,tri_structural_heavy_65,0.4984,0.3758,0.2893,-0.045,0.0242,-0.0048
instruct,healthy_q8,cog_25_cyb_75,0.2427,0.1338,0.1349,0.0005,0.0668,0.0206
instruct,healthy_q8,cog_25_str_75,0.3453,0.2667,0.1937,-0.0101,0.0046,-0.0021
instruct,healthy_q8,cog_40_cyb_60,0.2466,0.1353,0.1349,0.0047,0.0663,0.0264
instruct,healthy_q8,cog_40_str_60,0.3473,0.2585,0.196,-0.0117,0.0118,0.0032
instruct,healthy_q8,cog_50_cyb_50,0.2434,0.1305,0.1351,0.0055,0.0646,0.0331
instruct,healthy_q8,cog_50_str_50,0.3416,0.2442,0.1925,-0.0059,0.0196,0.0095
instruct,healthy_q8,cog_60_cyb_40,0.2333,0.1274,0.1317,0.0088,0.0644,0.0298
instruct,healthy_q8,cog_60_str_40,0.337,0.2271,0.1907,-0.0042,0.0218,0.0171
instruct,healthy_q8,cog_75_cyb_25,0.2341,0.1232,0.1277,0.0019,0.0586,0.0293
instruct,healthy_q8,cog_75_str_25,0.3377,0.2219,0.1898,-0.0061,0.0293,0.0203
instruct,healthy_q8,cognitive_only,0.1273,0.0602,0.0723,0.0072,0.0355,0.0429
instruct,healthy_q8,cyb_25_str_75,0.3501,0.2764,0.1968,-0.0114,0.0133,-0.0152
instruct,healthy_q8,cyb_40_str_60,0.3492,0.2566,0.1961,-0.0151,0.0274,-0.0063
instruct,healthy_q8,cyb_50_str_50,0.3444,0.2416,0.1925,-0.0083,0.0391,-0.005
instruct,healthy_q8,cyb_60_str_40,0.3381,0.2314,0.1906,-0.008,0.0438,-0.0005
instruct,healthy_q8,cyb_75_str_25,0.3247,0.2069,0.1816,-0.0048,0.0608,0.0031
instruct,healthy_q8,cyber_only,0.1634,0.0705,0.0922,0.0045,0.0636,0.0326
instruct,healthy_q8,structural_only,0.3501,0.27,0.196,-0.014,0.0027,-0.005
instruct,healthy_q8,tri_boundary_heavy,0.3444,0.228,0.1943,-0.0089,0.0468,-0.001
instruct,healthy_q8,tri_cognitive_bridge,0.3442,0.2325,0.1917,-0.0095,0.0366,0.0095
instruct,healthy_q8,tri_cognitive_heavy,0.3398,0.2208,0.1908,-0.0036,0.0386,0.0182
instruct,healthy_q8,tri_cyber_heavy,0.3397,0.2094,0.1922,-0.0061,0.066,0.0037
instruct,healthy_q8,tri_equal_routed,0.3437,0.231,0.1945,-0.009,0.0474,0.0039
instruct,healthy_q8,tri_naive_equal_all_fire,0.3059,-0.0165,0.1551,0.0142,0.2986,0.0679
instruct,healthy_q8,tri_naive_structural_heavy_all_fire,0.3172,0.0077,0.1612,0.0053,0.2755,0.0559
instruct,healthy_q8,tri_structural_heavy_55,0.3469,0.2455,0.1953,-0.0125,0.0327,-0.0019
instruct,healthy_q8,tri_structural_heavy_60,0.3445,0.2457,0.1943,-0.0098,0.0279,-0.003
instruct,healthy_q8,tri_structural_heavy_65,0.3478,0.2527,0.1966,-0.0125,0.0283,-0.0068
